report_id,date,district,state,fraud_type,severity,latitude,longitude,description
I4C-00001,2025-01-18,Mumbai,Maharashtra,Digital Arrest / Impersonation of Law Enforcement,medium,19.04108,72.89279,"Victim received a video call from a caller impersonating a police/customs officer alleging a parcel or legal case in their name, and was pressured into transferring funds under threat of arrest."
I4C-00002,2024-05-07,Ghaziabad,Uttar Pradesh,Digital Arrest / Impersonation of Law Enforcement,medium,28.71017,77.42527,"Victim received a video call from a caller impersonating a police/customs officer alleging a parcel or legal case in their name, and was pressured into transferring funds under threat of arrest."
I4C-00003,2025-03-23,Bengaluru Urban,Karnataka,Digital Arrest / Impersonation of Law Enforcement,medium,12.96405,77.62729,"Victim received a video call from a caller impersonating a police/customs officer alleging a parcel or legal case in their name, and was pressured into transferring funds under threat of arrest."
I4C-00004,2023-08-30,Bengaluru Urban,Karnataka,Digital Arrest / Impersonation of Law Enforcement,medium,12.94371,77.60027,"Victim received a video call from a caller impersonating a police/customs officer alleging a parcel or legal case in their name, and was pressured into transferring funds under threat of arrest."
I4C-00005,2024-01-20,Noida (Gautam Buddh Nagar),Uttar Pradesh,Digital Arrest / Impersonation of Law Enforcement,medium,28.54153,77.4092,"Victim received a video call from a caller impersonating a police/customs officer alleging a parcel or legal case in their name, and was pressured into transferring funds under threat of arrest."
I4C-00006,2024-10-05,Mumbai,Maharashtra,Digital Arrest / Impersonation of Law Enforcement,high,19.08077,72.83398,"Victim received a video call from a caller impersonating a police/customs officer alleging a parcel or legal case in their name, and was pressured into transferring funds under threat of arrest."
I4C-00007,2024-05-14,New Delhi,Delhi,Online Financial Fraud (UPI/Card/Net-banking),low,28.65624,77.19516,Unauthorized transaction reported after victim shared card/UPI details or clicked a payment link received via SMS/WhatsApp.
I4C-00008,2023-05-30,Bengaluru Urban,Karnataka,Investment / Trading Scam,medium,12.95162,77.59411,Victim was added to a trading/investment group promising high guaranteed returns and lost funds after transferring an initial deposit.
I4C-00009,2023-03-22,Bengaluru Urban,Karnataka,Online Financial Fraud (UPI/Card/Net-banking),medium,12.96341,77.62031,Unauthorized transaction reported after victim shared card/UPI details or clicked a payment link received via SMS/WhatsApp.
I4C-00010,2024-11-27,Bhubaneswar,Odisha,Romance / Matrimonial Scam,high,20.25386,85.83031,"Victim developed an online relationship with a profile that later requested money for a claimed emergency, travel, or customs issue."
I4C-00011,2024-07-06,Madurai,Tamil Nadu,Job Fraud / Work-From-Home Scam,high,9.93464,78.12779,Victim responded to a work-from-home task-based job offer and was asked to pay a registration or task-completion fee.
I4C-00012,2025-07-01,New Delhi,Delhi,Courier / Parcel Scam,medium,28.63032,77.16507,"Fraudulent call claimed a parcel addressed to the victim was intercepted at customs containing prohibited items, demanding a clearance fee."
I4C-00013,2023-12-11,Warangal,Telangana,Digital Arrest / Impersonation of Law Enforcement,medium,17.96698,79.61717,"Victim received a video call from a caller impersonating a police/customs officer alleging a parcel or legal case in their name, and was pressured into transferring funds under threat of arrest."
I4C-00014,2025-03-25,Kanpur Nagar,Uttar Pradesh,Online Financial Fraud (UPI/Card/Net-banking),high,26.44927,80.30372,Unauthorized transaction reported after victim shared card/UPI details or clicked a payment link received via SMS/WhatsApp.
I4C-00015,2023-10-08,Pune,Maharashtra,Job Fraud / Work-From-Home Scam,medium,18.55754,73.81476,Victim responded to a work-from-home task-based job offer and was asked to pay a registration or task-completion fee.
I4C-00016,2025-02-18,Vadodara,Gujarat,Investment / Trading Scam,medium,22.3436,73.15904,Victim was added to a trading/investment group promising high guaranteed returns and lost funds after transferring an initial deposit.
I4C-00017,2025-09-20,Bhubaneswar,Odisha,Online Financial Fraud (UPI/Card/Net-banking),low,20.26119,85.79212,Unauthorized transaction reported after victim shared card/UPI details or clicked a payment link received via SMS/WhatsApp.
I4C-00018,2024-10-14,Patna,Bihar,Online Financial Fraud (UPI/Card/Net-banking),medium,25.56233,85.11579,Unauthorized transaction reported after victim shared card/UPI details or clicked a payment link received via SMS/WhatsApp.
I4C-00019,2023-04-21,Vijayawada,Andhra Pradesh,KYC Update Fraud,medium,16.52525,80.64955,Victim received a message claiming their bank/SIM KYC had expired and shared OTP/credentials on a fraudulent link or call.
I4C-00020,2025-03-26,New Delhi,Delhi,Courier / Parcel Scam,medium,28.651,77.25419,"Fraudulent call claimed a parcel addressed to the victim was intercepted at customs containing prohibited items, demanding a clearance fee."
I4C-00021,2025-06-21,Pune,Maharashtra,Digital Arrest / Impersonation of Law Enforcement,medium,18.48075,73.87013,"Victim received a video call from a caller impersonating a police/customs officer alleging a parcel or legal case in their name, and was pressured into transferring funds under threat of arrest."
I4C-00022,2025-01-14,Dakshina Kannada (Mangaluru),Karnataka,Digital Arrest / Impersonation of Law Enforcement,medium,12.89811,74.81126,"Victim received a video call from a caller impersonating a police/customs officer alleging a parcel or legal case in their name, and was pressured into transferring funds under threat of arrest."
I4C-00023,2024-12-12,Kanpur Nagar,Uttar Pradesh,Investment / Trading Scam,medium,26.40693,80.3027,Victim was added to a trading/investment group promising high guaranteed returns and lost funds after transferring an initial deposit.
I4C-00024,2025-09-10,Ghaziabad,Uttar Pradesh,Job Fraud / Work-From-Home Scam,critical,28.66662,77.41534,Victim responded to a work-from-home task-based job offer and was asked to pay a registration or task-completion fee.
I4C-00025,2025-11-23,New Delhi,Delhi,Investment / Trading Scam,medium,28.57249,77.16922,Victim was added to a trading/investment group promising high guaranteed returns and lost funds after transferring an initial deposit.
I4C-00026,2023-02-25,Bengaluru Urban,Karnataka,Online Financial Fraud (UPI/Card/Net-banking),medium,13.0167,77.59743,Unauthorized transaction reported after victim shared card/UPI details or clicked a payment link received via SMS/WhatsApp.
I4C-00027,2025-11-27,Jodhpur,Rajasthan,Digital Arrest / Impersonation of Law Enforcement,high,26.21871,73.03859,"Victim received a video call from a caller impersonating a police/customs officer alleging a parcel or legal case in their name, and was pressured into transferring funds under threat of arrest."
I4C-00028,2024-11-06,Mumbai,Maharashtra,Loan App Harassment,high,19.0427,72.90489,Victim took a small loan via an unregistered instant-loan app and was later harassed with morphed images sent to their contacts.
I4C-00029,2024-05-05,Meerut,Uttar Pradesh,Romance / Matrimonial Scam,low,28.99582,77.73524,"Victim developed an online relationship with a profile that later requested money for a claimed emergency, travel, or customs issue."
I4C-00030,2023-03-01,Vadodara,Gujarat,Loan App Harassment,medium,22.33119,73.15387,Victim took a small loan via an unregistered instant-loan app and was later harassed with morphed images sent to their contacts.
I4C-00031,2024-12-06,Raipur,Chhattisgarh,Online Financial Fraud (UPI/Card/Net-banking),medium,21.28041,81.62682,Unauthorized transaction reported after victim shared card/UPI details or clicked a payment link received via SMS/WhatsApp.
I4C-00032,2024-03-27,Thane,Maharashtra,Online Shopping / E-commerce Fraud,medium,19.262,73.0269,"Victim did not receive goods ordered from a fraudulent e-commerce listing, or a fake refund process was used to extract further payment."
I4C-00033,2023-01-04,Bengaluru Urban,Karnataka,Job Fraud / Work-From-Home Scam,critical,12.96861,77.57837,Victim responded to a work-from-home task-based job offer and was asked to pay a registration or task-completion fee.
I4C-00034,2025-03-06,New Delhi,Delhi,Digital Arrest / Impersonation of Law Enforcement,medium,28.6292,77.23896,"Victim received a video call from a caller impersonating a police/customs officer alleging a parcel or legal case in their name, and was pressured into transferring funds under threat of arrest."
I4C-00035,2024-11-11,Ahmedabad,Gujarat,Online Financial Fraud (UPI/Card/Net-banking),high,23.04751,72.5692,Unauthorized transaction reported after victim shared card/UPI details or clicked a payment link received via SMS/WhatsApp.
I4C-00036,2023-06-23,Bengaluru Urban,Karnataka,Job Fraud / Work-From-Home Scam,high,13.01622,77.61678,Victim responded to a work-from-home task-based job offer and was asked to pay a registration or task-completion fee.
I4C-00037,2023-10-27,Kolkata,West Bengal,Online Financial Fraud (UPI/Card/Net-banking),high,22.5396,88.3266,Unauthorized transaction reported after victim shared card/UPI details or clicked a payment link received via SMS/WhatsApp.
I4C-00038,2023-09-26,Kanpur Nagar,Uttar Pradesh,Counterfeit Currency Passing,low,26.45949,80.32934,Counterfeit currency notes were identified during a retail or informal transaction.
I4C-00039,2023-10-13,Bengaluru Urban,Karnataka,Digital Arrest / Impersonation of Law Enforcement,high,13.00154,77.61724,"Victim received a video call from a caller impersonating a police/customs officer alleging a parcel or legal case in their name, and was pressured into transferring funds under threat of arrest."
I4C-00040,2024-08-22,Thane,Maharashtra,Online Financial Fraud (UPI/Card/Net-banking),low,19.25547,73.01072,Unauthorized transaction reported after victim shared card/UPI details or clicked a payment link received via SMS/WhatsApp.
I4C-00041,2023-05-05,New Delhi,Delhi,Loan App Harassment,high,28.64027,77.1916,Victim took a small loan via an unregistered instant-loan app and was later harassed with morphed images sent to their contacts.
I4C-00042,2025-05-11,Thiruvananthapuram,Kerala,KYC Update Fraud,high,8.50948,76.93242,Victim received a message claiming their bank/SIM KYC had expired and shared OTP/credentials on a fraudulent link or call.
I4C-00043,2025-06-20,Patna,Bihar,Online Financial Fraud (UPI/Card/Net-banking),medium,25.63192,85.10068,Unauthorized transaction reported after victim shared card/UPI details or clicked a payment link received via SMS/WhatsApp.
I4C-00044,2023-09-04,Ahmedabad,Gujarat,Online Financial Fraud (UPI/Card/Net-banking),low,23.03336,72.599,Unauthorized transaction reported after victim shared card/UPI details or clicked a payment link received via SMS/WhatsApp.
I4C-00045,2023-08-06,Noida (Gautam Buddh Nagar),Uttar Pradesh,Loan App Harassment,high,28.5181,77.39283,Victim took a small loan via an unregistered instant-loan app and was later harassed with morphed images sent to their contacts.
I4C-00046,2023-02-27,Gurugram,Haryana,Digital Arrest / Impersonation of Law Enforcement,high,28.41518,76.99573,"Victim received a video call from a caller impersonating a police/customs officer alleging a parcel or legal case in their name, and was pressured into transferring funds under threat of arrest."
I4C-00047,2025-11-14,Jodhpur,Rajasthan,KYC Update Fraud,medium,26.28015,73.01862,Victim received a message claiming their bank/SIM KYC had expired and shared OTP/credentials on a fraudulent link or call.
I4C-00048,2024-05-22,Hyderabad,Telangana,Sextortion,medium,17.36272,78.48752,Victim was coerced into payment after fraudster obtained or fabricated compromising content and threatened to circulate it.
I4C-00049,2024-02-19,Madurai,Tamil Nadu,Online Financial Fraud (UPI/Card/Net-banking),medium,9.96285,78.16402,Unauthorized transaction reported after victim shared card/UPI details or clicked a payment link received via SMS/WhatsApp.
I4C-00050,2025-05-27,Bhopal,Madhya Pradesh,Investment / Trading Scam,medium,23.22361,77.37476,Victim was added to a trading/investment group promising high guaranteed returns and lost funds after transferring an initial deposit.
I4C-00051,2025-01-19,Bengaluru Urban,Karnataka,Phishing (Email/SMS/Voice),low,12.98855,77.62299,Victim received a deceptive email/SMS impersonating a bank or government body and submitted credentials on a fake site.
I4C-00052,2025-03-26,Mysuru,Karnataka,Online Financial Fraud (UPI/Card/Net-banking),critical,12.33408,76.68615,Unauthorized transaction reported after victim shared card/UPI details or clicked a payment link received via SMS/WhatsApp.
I4C-00053,2025-11-21,Gurugram,Haryana,Online Financial Fraud (UPI/Card/Net-banking),high,28.42578,77.04338,Unauthorized transaction reported after victim shared card/UPI details or clicked a payment link received via SMS/WhatsApp.
I4C-00054,2024-11-23,Pune,Maharashtra,Digital Arrest / Impersonation of Law Enforcement,medium,18.51253,73.84236,"Victim received a video call from a caller impersonating a police/customs officer alleging a parcel or legal case in their name, and was pressured into transferring funds under threat of arrest."
I4C-00055,2025-11-15,Noida (Gautam Buddh Nagar),Uttar Pradesh,Investment / Trading Scam,medium,28.52955,77.34281,Victim was added to a trading/investment group promising high guaranteed returns and lost funds after transferring an initial deposit.
I4C-00056,2023-06-22,Bhubaneswar,Odisha,Online Financial Fraud (UPI/Card/Net-banking),high,20.25738,85.86635,Unauthorized transaction reported after victim shared card/UPI details or clicked a payment link received via SMS/WhatsApp.
I4C-00057,2025-05-14,Hyderabad,Telangana,Online Financial Fraud (UPI/Card/Net-banking),low,17.33896,78.5146,Unauthorized transaction reported after victim shared card/UPI details or clicked a payment link received via SMS/WhatsApp.
I4C-00058,2025-11-20,Indore,Madhya Pradesh,Investment / Trading Scam,medium,22.7372,75.9023,Victim was added to a trading/investment group promising high guaranteed returns and lost funds after transferring an initial deposit.
I4C-00059,2025-05-21,Noida (Gautam Buddh Nagar),Uttar Pradesh,Digital Arrest / Impersonation of Law Enforcement,medium,28.55554,77.34995,"Victim received a video call from a caller impersonating a police/customs officer alleging a parcel or legal case in their name, and was pressured into transferring funds under threat of arrest."
I4C-00060,2023-05-17,Gurugram,Haryana,Digital Arrest / Impersonation of Law Enforcement,medium,28.43639,76.97828,"Victim received a video call from a caller impersonating a police/customs officer alleging a parcel or legal case in their name, and was pressured into transferring funds under threat of arrest."
I4C-00061,2024-07-02,Hyderabad,Telangana,Cryptocurrency Fraud,medium,17.34717,78.43785,Victim invested through a fraudulent cryptocurrency platform or wallet and was unable to withdraw funds.
I4C-00062,2024-06-20,Varanasi,Uttar Pradesh,Counterfeit Currency Passing,critical,25.27192,82.99485,Counterfeit currency notes were identified during a retail or informal transaction.
I4C-00063,2024-08-16,Bengaluru Urban,Karnataka,Online Financial Fraud (UPI/Card/Net-banking),high,12.94178,77.5758,Unauthorized transaction reported after victim shared card/UPI details or clicked a payment link received via SMS/WhatsApp.
I4C-00064,2023-03-17,Thane,Maharashtra,Sextortion,critical,19.23552,72.95515,Victim was coerced into payment after fraudster obtained or fabricated compromising content and threatened to circulate it.
I4C-00065,2025-07-04,Bengaluru Urban,Karnataka,Online Financial Fraud (UPI/Card/Net-banking),medium,12.99491,77.5997,Unauthorized transaction reported after victim shared card/UPI details or clicked a payment link received via SMS/WhatsApp.
I4C-00066,2025-03-16,Bengaluru Urban,Karnataka,Job Fraud / Work-From-Home Scam,high,13.00349,77.58782,Victim responded to a work-from-home task-based job offer and was asked to pay a registration or task-completion fee.
I4C-00067,2023-10-14,Guwahati,Assam,Online Financial Fraud (UPI/Card/Net-banking),low,26.12528,91.70772,Unauthorized transaction reported after victim shared card/UPI details or clicked a payment link received via SMS/WhatsApp.
I4C-00068,2025-06-01,Pune,Maharashtra,Digital Arrest / Impersonation of Law Enforcement,high,18.50516,73.81214,"Victim received a video call from a caller impersonating a police/customs officer alleging a parcel or legal case in their name, and was pressured into transferring funds under threat of arrest."
I4C-00069,2024-07-31,Dakshina Kannada (Mangaluru),Karnataka,Phishing (Email/SMS/Voice),medium,12.87255,74.89013,Victim received a deceptive email/SMS impersonating a bank or government body and submitted credentials on a fake site.
I4C-00070,2023-01-08,Ghaziabad,Uttar Pradesh,Online Financial Fraud (UPI/Card/Net-banking),low,28.68847,77.40832,Unauthorized transaction reported after victim shared card/UPI details or clicked a payment link received via SMS/WhatsApp.
I4C-00071,2024-09-25,Hyderabad,Telangana,Loan App Harassment,low,17.43118,78.53396,Victim took a small loan via an unregistered instant-loan app and was later harassed with morphed images sent to their contacts.
I4C-00072,2024-05-23,Hyderabad,Telangana,Digital Arrest / Impersonation of Law Enforcement,medium,17.3533,78.47023,"Victim received a video call from a caller impersonating a police/customs officer alleging a parcel or legal case in their name, and was pressured into transferring funds under threat of arrest."
I4C-00073,2023-03-27,New Delhi,Delhi,Digital Arrest / Impersonation of Law Enforcement,medium,28.5644,77.18542,"Victim received a video call from a caller impersonating a police/customs officer alleging a parcel or legal case in their name, and was pressured into transferring funds under threat of arrest."
I4C-00074,2023-11-14,Pune,Maharashtra,Digital Arrest / Impersonation of Law Enforcement,critical,18.50036,73.86967,"Victim received a video call from a caller impersonating a police/customs officer alleging a parcel or legal case in their name, and was pressured into transferring funds under threat of arrest."
I4C-00075,2025-10-09,Chennai,Tamil Nadu,Investment / Trading Scam,medium,13.1043,80.30861,Victim was added to a trading/investment group promising high guaranteed returns and lost funds after transferring an initial deposit.
I4C-00076,2025-11-16,Belagavi,Karnataka,Digital Arrest / Impersonation of Law Enforcement,high,15.87212,74.51202,"Victim received a video call from a caller impersonating a police/customs officer alleging a parcel or legal case in their name, and was pressured into transferring funds under threat of arrest."
I4C-00077,2025-10-29,Varanasi,Uttar Pradesh,Online Financial Fraud (UPI/Card/Net-banking),medium,25.34099,83.00512,Unauthorized transaction reported after victim shared card/UPI details or clicked a payment link received via SMS/WhatsApp.
I4C-00078,2024-04-15,Noida (Gautam Buddh Nagar),Uttar Pradesh,Courier / Parcel Scam,high,28.56679,77.34261,"Fraudulent call claimed a parcel addressed to the victim was intercepted at customs containing prohibited items, demanding a clearance fee."
I4C-00079,2025-07-13,Bengaluru Urban,Karnataka,Online Shopping / E-commerce Fraud,medium,12.92579,77.60831,"Victim did not receive goods ordered from a fraudulent e-commerce listing, or a fake refund process was used to extract further payment."
I4C-00080,2023-01-07,Noida (Gautam Buddh Nagar),Uttar Pradesh,Courier / Parcel Scam,medium,28.54828,77.40362,"Fraudulent call claimed a parcel addressed to the victim was intercepted at customs containing prohibited items, demanding a clearance fee."
I4C-00081,2025-12-13,New Delhi,Delhi,Phishing (Email/SMS/Voice),low,28.57091,77.25225,Victim received a deceptive email/SMS impersonating a bank or government body and submitted credentials on a fake site.
I4C-00082,2024-04-17,Bengaluru Urban,Karnataka,Digital Arrest / Impersonation of Law Enforcement,medium,12.99528,77.56982,"Victim received a video call from a caller impersonating a police/customs officer alleging a parcel or legal case in their name, and was pressured into transferring funds under threat of arrest."
I4C-00083,2024-08-11,Jaipur,Rajasthan,Investment / Trading Scam,medium,26.95997,75.78669,Victim was added to a trading/investment group promising high guaranteed returns and lost funds after transferring an initial deposit.
I4C-00084,2024-09-15,Ahmedabad,Gujarat,Digital Arrest / Impersonation of Law Enforcement,high,23.0342,72.58568,"Victim received a video call from a caller impersonating a police/customs officer alleging a parcel or legal case in their name, and was pressured into transferring funds under threat of arrest."
I4C-00085,2023-07-23,Kanpur Nagar,Uttar Pradesh,Job Fraud / Work-From-Home Scam,critical,26.41324,80.33014,Victim responded to a work-from-home task-based job offer and was asked to pay a registration or task-completion fee.
I4C-00086,2025-08-13,Coimbatore,Tamil Nadu,Loan App Harassment,medium,11.03437,76.93489,Victim took a small loan via an unregistered instant-loan app and was later harassed with morphed images sent to their contacts.
I4C-00087,2025-08-26,Ahmedabad,Gujarat,Online Financial Fraud (UPI/Card/Net-banking),low,23.07183,72.57631,Unauthorized transaction reported after victim shared card/UPI details or clicked a payment link received via SMS/WhatsApp.
I4C-00088,2024-07-04,Bengaluru Urban,Karnataka,Online Shopping / E-commerce Fraud,medium,12.9675,77.62659,"Victim did not receive goods ordered from a fraudulent e-commerce listing, or a fake refund process was used to extract further payment."
I4C-00089,2025-01-06,Pune,Maharashtra,Digital Arrest / Impersonation of Law Enforcement,high,18.56206,73.89975,"Victim received a video call from a caller impersonating a police/customs officer alleging a parcel or legal case in their name, and was pressured into transferring funds under threat of arrest."
I4C-00090,2024-04-18,Mysuru,Karnataka,Phishing (Email/SMS/Voice),high,12.32782,76.64027,Victim received a deceptive email/SMS impersonating a bank or government body and submitted credentials on a fake site.
I4C-00091,2025-07-12,New Delhi,Delhi,Online Financial Fraud (UPI/Card/Net-banking),critical,28.65151,77.19841,Unauthorized transaction reported after victim shared card/UPI details or clicked a payment link received via SMS/WhatsApp.
I4C-00092,2023-01-04,Pune,Maharashtra,Investment / Trading Scam,high,18.54312,73.84832,Victim was added to a trading/investment group promising high guaranteed returns and lost funds after transferring an initial deposit.
I4C-00093,2023-01-25,Mumbai,Maharashtra,Counterfeit Currency Passing,low,19.05983,72.86753,Counterfeit currency notes were identified during a retail or informal transaction.
I4C-00094,2023-06-06,Faridabad,Haryana,Investment / Trading Scam,critical,28.38788,77.30502,Victim was added to a trading/investment group promising high guaranteed returns and lost funds after transferring an initial deposit.
I4C-00095,2023-11-01,Mumbai,Maharashtra,Digital Arrest / Impersonation of Law Enforcement,high,19.06881,72.85522,"Victim received a video call from a caller impersonating a police/customs officer alleging a parcel or legal case in their name, and was pressured into transferring funds under threat of arrest."
I4C-00096,2025-05-26,Hyderabad,Telangana,Online Financial Fraud (UPI/Card/Net-banking),medium,17.36157,78.4878,Unauthorized transaction reported after victim shared card/UPI details or clicked a payment link received via SMS/WhatsApp.
I4C-00097,2024-02-21,Gurugram,Haryana,Social Media Account Takeover,critical,28.4907,77.03969,Victim's social media account was compromised and used to solicit money from their contacts.
I4C-00098,2024-08-09,Kolkata,West Bengal,Job Fraud / Work-From-Home Scam,high,22.52755,88.38714,Victim responded to a work-from-home task-based job offer and was asked to pay a registration or task-completion fee.
I4C-00099,2024-07-31,New Delhi,Delhi,Online Financial Fraud (UPI/Card/Net-banking),medium,28.65509,77.21401,Unauthorized transaction reported after victim shared card/UPI details or clicked a payment link received via SMS/WhatsApp.
I4C-00100,2024-09-08,Rangareddy,Telangana,Online Financial Fraud (UPI/Card/Net-banking),medium,17.3443,78.46763,Unauthorized transaction reported after victim shared card/UPI details or clicked a payment link received via SMS/WhatsApp.
I4C-00101,2025-10-22,New Delhi,Delhi,SIM Swap Fraud,low,28.63079,77.17097,"Victim's SIM was fraudulently ported/duplicated, resulting in loss of mobile network access and unauthorized OTP-based transactions."
I4C-00102,2025-07-10,Faridabad,Haryana,Social Media Account Takeover,critical,28.40861,77.2898,Victim's social media account was compromised and used to solicit money from their contacts.
I4C-00103,2024-10-15,Nagpur,Maharashtra,Online Financial Fraud (UPI/Card/Net-banking),medium,21.15058,79.06261,Unauthorized transaction reported after victim shared card/UPI details or clicked a payment link received via SMS/WhatsApp.
I4C-00104,2025-04-25,Hyderabad,Telangana,Phishing (Email/SMS/Voice),high,17.36084,78.49366,Victim received a deceptive email/SMS impersonating a bank or government body and submitted credentials on a fake site.
I4C-00105,2025-10-17,Pune,Maharashtra,Online Financial Fraud (UPI/Card/Net-banking),high,18.54498,73.8277,Unauthorized transaction reported after victim shared card/UPI details or clicked a payment link received via SMS/WhatsApp.
I4C-00106,2024-03-18,Warangal,Telangana,Job Fraud / Work-From-Home Scam,medium,18.02517,79.56289,Victim responded to a work-from-home task-based job offer and was asked to pay a registration or task-completion fee.
I4C-00107,2024-10-01,Bengaluru Urban,Karnataka,SIM Swap Fraud,medium,13.01128,77.58306,"Victim's SIM was fraudulently ported/duplicated, resulting in loss of mobile network access and unauthorized OTP-based transactions."
I4C-00108,2025-08-27,Indore,Madhya Pradesh,Digital Arrest / Impersonation of Law Enforcement,high,22.75689,75.80988,"Victim received a video call from a caller impersonating a police/customs officer alleging a parcel or legal case in their name, and was pressured into transferring funds under threat of arrest."
I4C-00109,2025-12-17,Guwahati,Assam,Cyberbullying / Online Harassment,critical,26.14348,91.69351,Victim reported sustained online harassment or defamatory content posted about them.
I4C-00110,2025-07-25,Indore,Madhya Pradesh,Digital Arrest / Impersonation of Law Enforcement,medium,22.76682,75.83255,"Victim received a video call from a caller impersonating a police/customs officer alleging a parcel or legal case in their name, and was pressured into transferring funds under threat of arrest."
I4C-00111,2023-03-18,Bengaluru Urban,Karnataka,Digital Arrest / Impersonation of Law Enforcement,medium,12.99929,77.54474,"Victim received a video call from a caller impersonating a police/customs officer alleging a parcel or legal case in their name, and was pressured into transferring funds under threat of arrest."
I4C-00112,2023-08-18,Agra,Uttar Pradesh,Online Financial Fraud (UPI/Card/Net-banking),medium,27.15708,77.9709,Unauthorized transaction reported after victim shared card/UPI details or clicked a payment link received via SMS/WhatsApp.
I4C-00113,2023-01-03,Bengaluru Urban,Karnataka,Online Financial Fraud (UPI/Card/Net-banking),low,12.95163,77.63895,Unauthorized transaction reported after victim shared card/UPI details or clicked a payment link received via SMS/WhatsApp.
I4C-00114,2024-05-11,Bengaluru Urban,Karnataka,Online Shopping / E-commerce Fraud,medium,12.95175,77.59067,"Victim did not receive goods ordered from a fraudulent e-commerce listing, or a fake refund process was used to extract further payment."
I4C-00115,2024-09-21,New Delhi,Delhi,Online Shopping / E-commerce Fraud,high,28.58738,77.18371,"Victim did not receive goods ordered from a fraudulent e-commerce listing, or a fake refund process was used to extract further payment."
I4C-00116,2024-04-11,Bengaluru Urban,Karnataka,SIM Swap Fraud,low,12.94101,77.63308,"Victim's SIM was fraudulently ported/duplicated, resulting in loss of mobile network access and unauthorized OTP-based transactions."
I4C-00117,2025-05-11,Chennai,Tamil Nadu,Digital Arrest / Impersonation of Law Enforcement,medium,13.12522,80.24338,"Victim received a video call from a caller impersonating a police/customs officer alleging a parcel or legal case in their name, and was pressured into transferring funds under threat of arrest."
I4C-00118,2023-05-19,Mumbai,Maharashtra,Online Financial Fraud (UPI/Card/Net-banking),high,19.06564,72.82838,Unauthorized transaction reported after victim shared card/UPI details or clicked a payment link received via SMS/WhatsApp.
I4C-00119,2024-03-29,Hyderabad,Telangana,Sextortion,low,17.43199,78.46787,Victim was coerced into payment after fraudster obtained or fabricated compromising content and threatened to circulate it.
I4C-00120,2024-04-02,Hyderabad,Telangana,KYC Update Fraud,medium,17.42393,78.4476,Victim received a message claiming their bank/SIM KYC had expired and shared OTP/credentials on a fraudulent link or call.
I4C-00121,2023-04-22,New Delhi,Delhi,KYC Update Fraud,critical,28.65494,77.16464,Victim received a message claiming their bank/SIM KYC had expired and shared OTP/credentials on a fraudulent link or call.
I4C-00122,2025-07-09,Hyderabad,Telangana,Digital Arrest / Impersonation of Law Enforcement,high,17.43241,78.45089,"Victim received a video call from a caller impersonating a police/customs officer alleging a parcel or legal case in their name, and was pressured into transferring funds under threat of arrest."
I4C-00123,2024-11-05,Gurugram,Haryana,Cryptocurrency Fraud,critical,28.49786,77.04987,Victim invested through a fraudulent cryptocurrency platform or wallet and was unable to withdraw funds.
I4C-00124,2025-02-14,Hyderabad,Telangana,Job Fraud / Work-From-Home Scam,medium,17.40025,78.48918,Victim responded to a work-from-home task-based job offer and was asked to pay a registration or task-completion fee.
I4C-00125,2024-12-20,Bhopal,Madhya Pradesh,Digital Arrest / Impersonation of Law Enforcement,medium,23.3084,77.40684,"Victim received a video call from a caller impersonating a police/customs officer alleging a parcel or legal case in their name, and was pressured into transferring funds under threat of arrest."
I4C-00126,2024-09-24,Nagpur,Maharashtra,Romance / Matrimonial Scam,medium,21.18432,79.09431,"Victim developed an online relationship with a profile that later requested money for a claimed emergency, travel, or customs issue."
I4C-00127,2025-07-03,Patna,Bihar,Job Fraud / Work-From-Home Scam,medium,25.58734,85.09253,Victim responded to a work-from-home task-based job offer and was asked to pay a registration or task-completion fee.
I4C-00128,2025-04-08,Hyderabad,Telangana,Digital Arrest / Impersonation of Law Enforcement,medium,17.37142,78.5264,"Victim received a video call from a caller impersonating a police/customs officer alleging a parcel or legal case in their name, and was pressured into transferring funds under threat of arrest."
I4C-00129,2023-05-09,Bengaluru Urban,Karnataka,Social Media Account Takeover,low,12.92509,77.55086,Victim's social media account was compromised and used to solicit money from their contacts.
I4C-00130,2024-06-20,Gurugram,Haryana,Online Shopping / E-commerce Fraud,medium,28.44341,77.00383,"Victim did not receive goods ordered from a fraudulent e-commerce listing, or a fake refund process was used to extract further payment."
I4C-00131,2023-05-14,Jaipur,Rajasthan,Online Financial Fraud (UPI/Card/Net-banking),high,26.93136,75.82972,Unauthorized transaction reported after victim shared card/UPI details or clicked a payment link received via SMS/WhatsApp.
I4C-00132,2025-03-02,Bengaluru Urban,Karnataka,Online Shopping / E-commerce Fraud,critical,12.94499,77.59212,"Victim did not receive goods ordered from a fraudulent e-commerce listing, or a fake refund process was used to extract further payment."
I4C-00133,2023-01-18,Ahmedabad,Gujarat,Digital Arrest / Impersonation of Law Enforcement,medium,23.06385,72.60288,"Victim received a video call from a caller impersonating a police/customs officer alleging a parcel or legal case in their name, and was pressured into transferring funds under threat of arrest."
I4C-00134,2024-11-02,Surat,Gujarat,Romance / Matrimonial Scam,medium,21.19405,72.86338,"Victim developed an online relationship with a profile that later requested money for a claimed emergency, travel, or customs issue."
I4C-00135,2025-03-13,Indore,Madhya Pradesh,KYC Update Fraud,medium,22.71568,75.88608,Victim received a message claiming their bank/SIM KYC had expired and shared OTP/credentials on a fraudulent link or call.
I4C-00136,2024-10-29,Jaipur,Rajasthan,Digital Arrest / Impersonation of Law Enforcement,medium,26.88713,75.74377,"Victim received a video call from a caller impersonating a police/customs officer alleging a parcel or legal case in their name, and was pressured into transferring funds under threat of arrest."
I4C-00137,2024-03-02,Belagavi,Karnataka,Digital Arrest / Impersonation of Law Enforcement,medium,15.84236,74.45822,"Victim received a video call from a caller impersonating a police/customs officer alleging a parcel or legal case in their name, and was pressured into transferring funds under threat of arrest."
I4C-00138,2025-08-01,Bengaluru Urban,Karnataka,Investment / Trading Scam,high,12.97145,77.61558,Victim was added to a trading/investment group promising high guaranteed returns and lost funds after transferring an initial deposit.
I4C-00139,2023-09-06,Kanpur Nagar,Uttar Pradesh,Lottery / Prize Scam,medium,26.46731,80.3567,Victim received notification of winning a lottery/prize and was asked to pay a processing or tax fee to release it.
I4C-00140,2024-06-17,Ahmedabad,Gujarat,Online Financial Fraud (UPI/Card/Net-banking),low,23.00189,72.54934,Unauthorized transaction reported after victim shared card/UPI details or clicked a payment link received via SMS/WhatsApp.
I4C-00141,2024-01-21,Hyderabad,Telangana,Online Financial Fraud (UPI/Card/Net-banking),high,17.35974,78.46123,Unauthorized transaction reported after victim shared card/UPI details or clicked a payment link received via SMS/WhatsApp.
I4C-00142,2023-07-25,Mumbai,Maharashtra,Job Fraud / Work-From-Home Scam,low,19.06561,72.92694,Victim responded to a work-from-home task-based job offer and was asked to pay a registration or task-completion fee.
I4C-00143,2025-07-07,Chennai,Tamil Nadu,Job Fraud / Work-From-Home Scam,high,13.1318,80.23093,Victim responded to a work-from-home task-based job offer and was asked to pay a registration or task-completion fee.
I4C-00144,2023-06-03,Thiruvananthapuram,Kerala,Digital Arrest / Impersonation of Law Enforcement,medium,8.47814,76.91597,"Victim received a video call from a caller impersonating a police/customs officer alleging a parcel or legal case in their name, and was pressured into transferring funds under threat of arrest."
I4C-00145,2023-01-13,Mumbai,Maharashtra,Online Financial Fraud (UPI/Card/Net-banking),high,19.11261,72.87261,Unauthorized transaction reported after victim shared card/UPI details or clicked a payment link received via SMS/WhatsApp.
I4C-00146,2023-10-17,Bengaluru Urban,Karnataka,Online Financial Fraud (UPI/Card/Net-banking),medium,12.98121,77.60659,Unauthorized transaction reported after victim shared card/UPI details or clicked a payment link received via SMS/WhatsApp.
I4C-00147,2023-01-24,Bengaluru Urban,Karnataka,Courier / Parcel Scam,high,13.02159,77.54842,"Fraudulent call claimed a parcel addressed to the victim was intercepted at customs containing prohibited items, demanding a clearance fee."
I4C-00148,2023-03-06,Vadodara,Gujarat,KYC Update Fraud,low,22.2981,73.16838,Victim received a message claiming their bank/SIM KYC had expired and shared OTP/credentials on a fraudulent link or call.
I4C-00149,2023-11-13,Surat,Gujarat,Digital Arrest / Impersonation of Law Enforcement,medium,21.175,72.78743,"Victim received a video call from a caller impersonating a police/customs officer alleging a parcel or legal case in their name, and was pressured into transferring funds under threat of arrest."
I4C-00150,2024-08-03,Meerut,Uttar Pradesh,Courier / Parcel Scam,medium,28.94362,77.67277,"Fraudulent call claimed a parcel addressed to the victim was intercepted at customs containing prohibited items, demanding a clearance fee."
I4C-00151,2025-04-28,Chennai,Tamil Nadu,Courier / Parcel Scam,high,13.07448,80.22584,"Fraudulent call claimed a parcel addressed to the victim was intercepted at customs containing prohibited items, demanding a clearance fee."
I4C-00152,2024-02-22,Nagpur,Maharashtra,Investment / Trading Scam,high,21.18222,79.13786,Victim was added to a trading/investment group promising high guaranteed returns and lost funds after transferring an initial deposit.
I4C-00153,2025-08-01,Visakhapatnam,Andhra Pradesh,Digital Arrest / Impersonation of Law Enforcement,high,17.68022,83.18416,"Victim received a video call from a caller impersonating a police/customs officer alleging a parcel or legal case in their name, and was pressured into transferring funds under threat of arrest."
I4C-00154,2025-03-23,Ahmedabad,Gujarat,Online Financial Fraud (UPI/Card/Net-banking),high,22.9855,72.52657,Unauthorized transaction reported after victim shared card/UPI details or clicked a payment link received via SMS/WhatsApp.
I4C-00155,2024-08-03,Bengaluru Urban,Karnataka,Job Fraud / Work-From-Home Scam,low,12.98382,77.58168,Victim responded to a work-from-home task-based job offer and was asked to pay a registration or task-completion fee.
I4C-00156,2024-02-09,Belagavi,Karnataka,Investment / Trading Scam,high,15.81688,74.45441,Victim was added to a trading/investment group promising high guaranteed returns and lost funds after transferring an initial deposit.
I4C-00157,2025-03-05,Rangareddy,Telangana,Social Media Account Takeover,medium,17.35413,78.37435,Victim's social media account was compromised and used to solicit money from their contacts.
I4C-00158,2024-03-30,Bengaluru Urban,Karnataka,Phishing (Email/SMS/Voice),medium,12.99283,77.61342,Victim received a deceptive email/SMS impersonating a bank or government body and submitted credentials on a fake site.
I4C-00159,2023-03-27,Kanpur Nagar,Uttar Pradesh,Job Fraud / Work-From-Home Scam,medium,26.46137,80.30151,Victim responded to a work-from-home task-based job offer and was asked to pay a registration or task-completion fee.
I4C-00160,2023-03-26,Pune,Maharashtra,Digital Arrest / Impersonation of Law Enforcement,medium,18.52219,73.84506,"Victim received a video call from a caller impersonating a police/customs officer alleging a parcel or legal case in their name, and was pressured into transferring funds under threat of arrest."
I4C-00161,2025-03-09,Gurugram,Haryana,Courier / Parcel Scam,medium,28.49375,77.04383,"Fraudulent call claimed a parcel addressed to the victim was intercepted at customs containing prohibited items, demanding a clearance fee."
I4C-00162,2024-05-25,Ghaziabad,Uttar Pradesh,Online Financial Fraud (UPI/Card/Net-banking),medium,28.67421,77.4665,Unauthorized transaction reported after victim shared card/UPI details or clicked a payment link received via SMS/WhatsApp.
I4C-00163,2025-08-10,Nagpur,Maharashtra,Investment / Trading Scam,high,21.16168,79.08288,Victim was added to a trading/investment group promising high guaranteed returns and lost funds after transferring an initial deposit.
I4C-00164,2025-08-27,Hyderabad,Telangana,Job Fraud / Work-From-Home Scam,low,17.41136,78.5147,Victim responded to a work-from-home task-based job offer and was asked to pay a registration or task-completion fee.
I4C-00165,2025-10-29,Pune,Maharashtra,Investment / Trading Scam,high,18.47711,73.84256,Victim was added to a trading/investment group promising high guaranteed returns and lost funds after transferring an initial deposit.
I4C-00166,2025-11-13,New Delhi,Delhi,Digital Arrest / Impersonation of Law Enforcement,high,28.56798,77.22264,"Victim received a video call from a caller impersonating a police/customs officer alleging a parcel or legal case in their name, and was pressured into transferring funds under threat of arrest."
I4C-00167,2023-02-22,Bengaluru Urban,Karnataka,SIM Swap Fraud,high,12.99681,77.63409,"Victim's SIM was fraudulently ported/duplicated, resulting in loss of mobile network access and unauthorized OTP-based transactions."
I4C-00168,2025-10-04,Indore,Madhya Pradesh,Sextortion,low,22.76921,75.88091,Victim was coerced into payment after fraudster obtained or fabricated compromising content and threatened to circulate it.
I4C-00169,2024-03-28,Warangal,Telangana,Courier / Parcel Scam,high,18.0095,79.6298,"Fraudulent call claimed a parcel addressed to the victim was intercepted at customs containing prohibited items, demanding a clearance fee."
I4C-00170,2024-07-17,Bengaluru Urban,Karnataka,Online Financial Fraud (UPI/Card/Net-banking),high,12.95669,77.62022,Unauthorized transaction reported after victim shared card/UPI details or clicked a payment link received via SMS/WhatsApp.
I4C-00171,2024-06-22,Faridabad,Haryana,Online Shopping / E-commerce Fraud,medium,28.40454,77.29322,"Victim did not receive goods ordered from a fraudulent e-commerce listing, or a fake refund process was used to extract further payment."
I4C-00172,2024-07-23,Kanpur Nagar,Uttar Pradesh,Online Financial Fraud (UPI/Card/Net-banking),medium,26.42364,80.31913,Unauthorized transaction reported after victim shared card/UPI details or clicked a payment link received via SMS/WhatsApp.
I4C-00173,2025-12-22,Chennai,Tamil Nadu,Romance / Matrimonial Scam,low,13.12224,80.23757,"Victim developed an online relationship with a profile that later requested money for a claimed emergency, travel, or customs issue."
I4C-00174,2023-08-03,Bengaluru Urban,Karnataka,Job Fraud / Work-From-Home Scam,medium,13.00743,77.64122,Victim responded to a work-from-home task-based job offer and was asked to pay a registration or task-completion fee.
I4C-00175,2025-02-08,Hyderabad,Telangana,Courier / Parcel Scam,medium,17.38857,78.52236,"Fraudulent call claimed a parcel addressed to the victim was intercepted at customs containing prohibited items, demanding a clearance fee."
I4C-00176,2023-12-28,Raipur,Chhattisgarh,Romance / Matrimonial Scam,medium,21.25914,81.61563,"Victim developed an online relationship with a profile that later requested money for a claimed emergency, travel, or customs issue."
I4C-00177,2024-10-02,Kanpur Nagar,Uttar Pradesh,Loan App Harassment,medium,26.4957,80.31154,Victim took a small loan via an unregistered instant-loan app and was later harassed with morphed images sent to their contacts.
I4C-00178,2025-05-05,Howrah,West Bengal,Online Financial Fraud (UPI/Card/Net-banking),medium,22.62051,88.23576,Unauthorized transaction reported after victim shared card/UPI details or clicked a payment link received via SMS/WhatsApp.
I4C-00179,2023-02-15,New Delhi,Delhi,Online Financial Fraud (UPI/Card/Net-banking),medium,28.65345,77.1722,Unauthorized transaction reported after victim shared card/UPI details or clicked a payment link received via SMS/WhatsApp.
I4C-00180,2025-04-26,Bengaluru Urban,Karnataka,Loan App Harassment,medium,12.97831,77.57497,Victim took a small loan via an unregistered instant-loan app and was later harassed with morphed images sent to their contacts.
I4C-00181,2023-10-03,Ghaziabad,Uttar Pradesh,KYC Update Fraud,medium,28.67811,77.42422,Victim received a message claiming their bank/SIM KYC had expired and shared OTP/credentials on a fraudulent link or call.
I4C-00182,2023-10-24,Bengaluru Urban,Karnataka,Job Fraud / Work-From-Home Scam,low,13.00175,77.61535,Victim responded to a work-from-home task-based job offer and was asked to pay a registration or task-completion fee.
I4C-00183,2024-12-18,Chandigarh,Chandigarh,Online Financial Fraud (UPI/Card/Net-banking),low,30.76152,76.7696,Unauthorized transaction reported after victim shared card/UPI details or clicked a payment link received via SMS/WhatsApp.
I4C-00184,2023-12-05,Ghaziabad,Uttar Pradesh,Loan App Harassment,medium,28.67705,77.46399,Victim took a small loan via an unregistered instant-loan app and was later harassed with morphed images sent to their contacts.
I4C-00185,2023-08-03,Faridabad,Haryana,Investment / Trading Scam,medium,28.3633,77.32095,Victim was added to a trading/investment group promising high guaranteed returns and lost funds after transferring an initial deposit.
I4C-00186,2025-11-04,Bengaluru Urban,Karnataka,Online Financial Fraud (UPI/Card/Net-banking),low,12.97669,77.63869,Unauthorized transaction reported after victim shared card/UPI details or clicked a payment link received via SMS/WhatsApp.
I4C-00187,2023-04-10,Agra,Uttar Pradesh,Job Fraud / Work-From-Home Scam,low,27.16822,78.01942,Victim responded to a work-from-home task-based job offer and was asked to pay a registration or task-completion fee.
I4C-00188,2025-06-13,Dehradun,Uttarakhand,Loan App Harassment,medium,30.33893,78.02999,Victim took a small loan via an unregistered instant-loan app and was later harassed with morphed images sent to their contacts.
I4C-00189,2023-08-04,Jaipur,Rajasthan,Job Fraud / Work-From-Home Scam,low,26.90893,75.81148,Victim responded to a work-from-home task-based job offer and was asked to pay a registration or task-completion fee.
I4C-00190,2024-06-23,Hyderabad,Telangana,Phishing (Email/SMS/Voice),critical,17.3994,78.44903,Victim received a deceptive email/SMS impersonating a bank or government body and submitted credentials on a fake site.
I4C-00191,2025-12-07,Kolkata,West Bengal,Investment / Trading Scam,high,22.5492,88.36928,Victim was added to a trading/investment group promising high guaranteed returns and lost funds after transferring an initial deposit.
I4C-00192,2025-11-05,Guwahati,Assam,Phishing (Email/SMS/Voice),low,26.12406,91.77906,Victim received a deceptive email/SMS impersonating a bank or government body and submitted credentials on a fake site.
I4C-00193,2024-10-31,Bengaluru Urban,Karnataka,Courier / Parcel Scam,critical,12.94764,77.56821,"Fraudulent call claimed a parcel addressed to the victim was intercepted at customs containing prohibited items, demanding a clearance fee."
I4C-00194,2025-08-19,Hyderabad,Telangana,Investment / Trading Scam,high,17.37387,78.49682,Victim was added to a trading/investment group promising high guaranteed returns and lost funds after transferring an initial deposit.
I4C-00195,2024-04-23,New Delhi,Delhi,Digital Arrest / Impersonation of Law Enforcement,critical,28.61696,77.15964,"Victim received a video call from a caller impersonating a police/customs officer alleging a parcel or legal case in their name, and was pressured into transferring funds under threat of arrest."
I4C-00196,2023-12-18,Noida (Gautam Buddh Nagar),Uttar Pradesh,KYC Update Fraud,low,28.51628,77.3622,Victim received a message claiming their bank/SIM KYC had expired and shared OTP/credentials on a fraudulent link or call.
I4C-00197,2023-10-18,Belagavi,Karnataka,Cyberbullying / Online Harassment,medium,15.80239,74.45837,Victim reported sustained online harassment or defamatory content posted about them.
I4C-00198,2023-05-19,Madurai,Tamil Nadu,SIM Swap Fraud,low,9.87829,78.08364,"Victim's SIM was fraudulently ported/duplicated, resulting in loss of mobile network access and unauthorized OTP-based transactions."
I4C-00199,2025-12-29,Howrah,West Bengal,Investment / Trading Scam,high,22.55238,88.27265,Victim was added to a trading/investment group promising high guaranteed returns and lost funds after transferring an initial deposit.
I4C-00200,2023-08-08,Gurugram,Haryana,Social Media Account Takeover,critical,28.41609,77.06338,Victim's social media account was compromised and used to solicit money from their contacts.
I4C-00201,2023-06-29,Hyderabad,Telangana,Ransomware / Malware,high,17.35532,78.44009,Victim's device/files were encrypted or accessed by malicious software demanding a ransom payment.
I4C-00202,2024-08-26,Patna,Bihar,Digital Arrest / Impersonation of Law Enforcement,medium,25.60725,85.11634,"Victim received a video call from a caller impersonating a police/customs officer alleging a parcel or legal case in their name, and was pressured into transferring funds under threat of arrest."
I4C-00203,2025-01-23,Mumbai,Maharashtra,Online Financial Fraud (UPI/Card/Net-banking),low,19.06838,72.82979,Unauthorized transaction reported after victim shared card/UPI details or clicked a payment link received via SMS/WhatsApp.
I4C-00204,2023-03-05,Thiruvananthapuram,Kerala,Job Fraud / Work-From-Home Scam,low,8.55102,76.9468,Victim responded to a work-from-home task-based job offer and was asked to pay a registration or task-completion fee.
I4C-00205,2023-04-09,Ahmedabad,Gujarat,Digital Arrest / Impersonation of Law Enforcement,medium,22.97562,72.57326,"Victim received a video call from a caller impersonating a police/customs officer alleging a parcel or legal case in their name, and was pressured into transferring funds under threat of arrest."
I4C-00206,2023-12-15,Lucknow,Uttar Pradesh,Digital Arrest / Impersonation of Law Enforcement,high,26.81836,80.98242,"Victim received a video call from a caller impersonating a police/customs officer alleging a parcel or legal case in their name, and was pressured into transferring funds under threat of arrest."
I4C-00207,2024-12-13,Thane,Maharashtra,Courier / Parcel Scam,low,19.22066,72.95693,"Fraudulent call claimed a parcel addressed to the victim was intercepted at customs containing prohibited items, demanding a clearance fee."
I4C-00208,2024-12-12,New Delhi,Delhi,Online Financial Fraud (UPI/Card/Net-banking),medium,28.61305,77.23868,Unauthorized transaction reported after victim shared card/UPI details or clicked a payment link received via SMS/WhatsApp.
I4C-00209,2024-04-19,Bhubaneswar,Odisha,Online Financial Fraud (UPI/Card/Net-banking),high,20.29761,85.8323,Unauthorized transaction reported after victim shared card/UPI details or clicked a payment link received via SMS/WhatsApp.
I4C-00210,2023-08-03,New Delhi,Delhi,Digital Arrest / Impersonation of Law Enforcement,high,28.57489,77.22265,"Victim received a video call from a caller impersonating a police/customs officer alleging a parcel or legal case in their name, and was pressured into transferring funds under threat of arrest."
I4C-00211,2023-06-26,Varanasi,Uttar Pradesh,Investment / Trading Scam,high,25.30316,82.96403,Victim was added to a trading/investment group promising high guaranteed returns and lost funds after transferring an initial deposit.
I4C-00212,2025-10-23,Nagpur,Maharashtra,Online Financial Fraud (UPI/Card/Net-banking),medium,21.16039,79.07539,Unauthorized transaction reported after victim shared card/UPI details or clicked a payment link received via SMS/WhatsApp.
I4C-00213,2023-03-11,Dakshina Kannada (Mangaluru),Karnataka,Ransomware / Malware,low,12.96234,74.86907,Victim's device/files were encrypted or accessed by malicious software demanding a ransom payment.
I4C-00214,2024-10-24,Mumbai,Maharashtra,Lottery / Prize Scam,medium,19.05867,72.84323,Victim received notification of winning a lottery/prize and was asked to pay a processing or tax fee to release it.
I4C-00215,2025-08-04,Dakshina Kannada (Mangaluru),Karnataka,KYC Update Fraud,low,12.90798,74.88334,Victim received a message claiming their bank/SIM KYC had expired and shared OTP/credentials on a fraudulent link or call.
I4C-00216,2023-11-13,Agra,Uttar Pradesh,Online Financial Fraud (UPI/Card/Net-banking),high,27.19636,78.00887,Unauthorized transaction reported after victim shared card/UPI details or clicked a payment link received via SMS/WhatsApp.
I4C-00217,2024-04-28,Kolkata,West Bengal,KYC Update Fraud,medium,22.62008,88.38622,Victim received a message claiming their bank/SIM KYC had expired and shared OTP/credentials on a fraudulent link or call.
I4C-00218,2023-07-28,Mumbai,Maharashtra,Courier / Parcel Scam,low,19.04493,72.92521,"Fraudulent call claimed a parcel addressed to the victim was intercepted at customs containing prohibited items, demanding a clearance fee."
I4C-00219,2024-07-14,Hyderabad,Telangana,Online Financial Fraud (UPI/Card/Net-banking),low,17.3501,78.45153,Unauthorized transaction reported after victim shared card/UPI details or clicked a payment link received via SMS/WhatsApp.
I4C-00220,2023-03-11,Hyderabad,Telangana,Online Financial Fraud (UPI/Card/Net-banking),medium,17.3988,78.44739,Unauthorized transaction reported after victim shared card/UPI details or clicked a payment link received via SMS/WhatsApp.
I4C-00221,2024-08-29,Bengaluru Urban,Karnataka,Online Financial Fraud (UPI/Card/Net-banking),critical,13.00703,77.58825,Unauthorized transaction reported after victim shared card/UPI details or clicked a payment link received via SMS/WhatsApp.
I4C-00222,2025-05-30,New Delhi,Delhi,Investment / Trading Scam,high,28.57808,77.21937,Victim was added to a trading/investment group promising high guaranteed returns and lost funds after transferring an initial deposit.
I4C-00223,2024-04-13,Madurai,Tamil Nadu,Lottery / Prize Scam,medium,9.93394,78.13452,Victim received notification of winning a lottery/prize and was asked to pay a processing or tax fee to release it.
I4C-00224,2023-07-20,Chennai,Tamil Nadu,Online Financial Fraud (UPI/Card/Net-banking),medium,13.09685,80.26609,Unauthorized transaction reported after victim shared card/UPI details or clicked a payment link received via SMS/WhatsApp.
I4C-00225,2025-05-17,Gurugram,Haryana,Courier / Parcel Scam,low,28.43374,77.01661,"Fraudulent call claimed a parcel addressed to the victim was intercepted at customs containing prohibited items, demanding a clearance fee."
I4C-00226,2024-01-10,New Delhi,Delhi,Loan App Harassment,medium,28.56587,77.24485,Victim took a small loan via an unregistered instant-loan app and was later harassed with morphed images sent to their contacts.
I4C-00227,2023-08-06,Gurugram,Haryana,Lottery / Prize Scam,high,28.44231,76.97766,Victim received notification of winning a lottery/prize and was asked to pay a processing or tax fee to release it.
I4C-00228,2025-11-29,Bengaluru Urban,Karnataka,Romance / Matrimonial Scam,critical,12.97594,77.56068,"Victim developed an online relationship with a profile that later requested money for a claimed emergency, travel, or customs issue."
I4C-00229,2023-02-02,Mumbai,Maharashtra,Online Financial Fraud (UPI/Card/Net-banking),medium,19.11072,72.87338,Unauthorized transaction reported after victim shared card/UPI details or clicked a payment link received via SMS/WhatsApp.
I4C-00230,2024-03-06,Meerut,Uttar Pradesh,Investment / Trading Scam,critical,29.0174,77.70857,Victim was added to a trading/investment group promising high guaranteed returns and lost funds after transferring an initial deposit.
I4C-00231,2024-12-29,Raipur,Chhattisgarh,Cyberbullying / Online Harassment,high,21.21978,81.63098,Victim reported sustained online harassment or defamatory content posted about them.
I4C-00232,2024-12-22,Meerut,Uttar Pradesh,Digital Arrest / Impersonation of Law Enforcement,high,28.95975,77.69458,"Victim received a video call from a caller impersonating a police/customs officer alleging a parcel or legal case in their name, and was pressured into transferring funds under threat of arrest."
I4C-00233,2024-03-24,Ghaziabad,Uttar Pradesh,Investment / Trading Scam,critical,28.63013,77.43415,Victim was added to a trading/investment group promising high guaranteed returns and lost funds after transferring an initial deposit.
I4C-00234,2023-05-22,Dehradun,Uttarakhand,Online Financial Fraud (UPI/Card/Net-banking),critical,30.36259,78.02841,Unauthorized transaction reported after victim shared card/UPI details or clicked a payment link received via SMS/WhatsApp.
I4C-00235,2023-10-27,Surat,Gujarat,KYC Update Fraud,low,21.18363,72.82802,Victim received a message claiming their bank/SIM KYC had expired and shared OTP/credentials on a fraudulent link or call.
I4C-00236,2024-08-25,Mumbai,Maharashtra,Sextortion,medium,19.08988,72.90957,Victim was coerced into payment after fraudster obtained or fabricated compromising content and threatened to circulate it.
I4C-00237,2024-04-16,Jodhpur,Rajasthan,Job Fraud / Work-From-Home Scam,high,26.25386,73.05228,Victim responded to a work-from-home task-based job offer and was asked to pay a registration or task-completion fee.
I4C-00238,2024-07-29,Hyderabad,Telangana,Investment / Trading Scam,medium,17.37261,78.46205,Victim was added to a trading/investment group promising high guaranteed returns and lost funds after transferring an initial deposit.
I4C-00239,2023-06-24,Mumbai,Maharashtra,Job Fraud / Work-From-Home Scam,medium,19.09144,72.85973,Victim responded to a work-from-home task-based job offer and was asked to pay a registration or task-completion fee.
I4C-00240,2024-10-26,Chennai,Tamil Nadu,Lottery / Prize Scam,low,13.06894,80.31357,Victim received notification of winning a lottery/prize and was asked to pay a processing or tax fee to release it.
I4C-00241,2023-01-24,Ahmedabad,Gujarat,KYC Update Fraud,low,22.98654,72.60453,Victim received a message claiming their bank/SIM KYC had expired and shared OTP/credentials on a fraudulent link or call.
I4C-00242,2024-04-23,Hyderabad,Telangana,KYC Update Fraud,medium,17.3422,78.466,Victim received a message claiming their bank/SIM KYC had expired and shared OTP/credentials on a fraudulent link or call.
I4C-00243,2025-12-30,Dakshina Kannada (Mangaluru),Karnataka,Online Financial Fraud (UPI/Card/Net-banking),medium,12.9093,74.88449,Unauthorized transaction reported after victim shared card/UPI details or clicked a payment link received via SMS/WhatsApp.
I4C-00244,2024-08-31,Dakshina Kannada (Mangaluru),Karnataka,Romance / Matrimonial Scam,medium,12.95321,74.86684,"Victim developed an online relationship with a profile that later requested money for a claimed emergency, travel, or customs issue."
I4C-00245,2023-08-28,Hyderabad,Telangana,Courier / Parcel Scam,medium,17.40428,78.48978,"Fraudulent call claimed a parcel addressed to the victim was intercepted at customs containing prohibited items, demanding a clearance fee."
I4C-00246,2023-04-30,Noida (Gautam Buddh Nagar),Uttar Pradesh,Online Financial Fraud (UPI/Card/Net-banking),medium,28.51195,77.36442,Unauthorized transaction reported after victim shared card/UPI details or clicked a payment link received via SMS/WhatsApp.
I4C-00247,2023-01-14,New Delhi,Delhi,Online Financial Fraud (UPI/Card/Net-banking),low,28.65445,77.22904,Unauthorized transaction reported after victim shared card/UPI details or clicked a payment link received via SMS/WhatsApp.
I4C-00248,2025-08-11,Belagavi,Karnataka,Job Fraud / Work-From-Home Scam,low,15.83177,74.51729,Victim responded to a work-from-home task-based job offer and was asked to pay a registration or task-completion fee.
I4C-00249,2023-02-28,Mumbai,Maharashtra,Digital Arrest / Impersonation of Law Enforcement,medium,19.06788,72.92376,"Victim received a video call from a caller impersonating a police/customs officer alleging a parcel or legal case in their name, and was pressured into transferring funds under threat of arrest."
I4C-00250,2023-07-12,Bengaluru Urban,Karnataka,Cryptocurrency Fraud,high,12.92619,77.61825,Victim invested through a fraudulent cryptocurrency platform or wallet and was unable to withdraw funds.
I4C-00251,2023-09-17,New Delhi,Delhi,Digital Arrest / Impersonation of Law Enforcement,high,28.61237,77.24876,"Victim received a video call from a caller impersonating a police/customs officer alleging a parcel or legal case in their name, and was pressured into transferring funds under threat of arrest."
I4C-00252,2024-03-07,Mumbai,Maharashtra,Job Fraud / Work-From-Home Scam,medium,19.11217,72.86432,Victim responded to a work-from-home task-based job offer and was asked to pay a registration or task-completion fee.
I4C-00253,2025-10-08,Warangal,Telangana,Digital Arrest / Impersonation of Law Enforcement,high,17.9626,79.57546,"Victim received a video call from a caller impersonating a police/customs officer alleging a parcel or legal case in their name, and was pressured into transferring funds under threat of arrest."
I4C-00254,2025-10-05,Pune,Maharashtra,Job Fraud / Work-From-Home Scam,critical,18.52077,73.83387,Victim responded to a work-from-home task-based job offer and was asked to pay a registration or task-completion fee.
I4C-00255,2023-06-29,Ahmedabad,Gujarat,Online Financial Fraud (UPI/Card/Net-banking),medium,23.00559,72.55311,Unauthorized transaction reported after victim shared card/UPI details or clicked a payment link received via SMS/WhatsApp.
I4C-00256,2023-04-12,Ahmedabad,Gujarat,Phishing (Email/SMS/Voice),medium,22.97651,72.59367,Victim received a deceptive email/SMS impersonating a bank or government body and submitted credentials on a fake site.
I4C-00257,2023-05-04,Pune,Maharashtra,Sextortion,medium,18.48125,73.81134,Victim was coerced into payment after fraudster obtained or fabricated compromising content and threatened to circulate it.
I4C-00258,2023-06-19,Ahmedabad,Gujarat,KYC Update Fraud,medium,23.06348,72.58257,Victim received a message claiming their bank/SIM KYC had expired and shared OTP/credentials on a fraudulent link or call.
I4C-00259,2024-01-07,Hyderabad,Telangana,Romance / Matrimonial Scam,low,17.4017,78.48249,"Victim developed an online relationship with a profile that later requested money for a claimed emergency, travel, or customs issue."
I4C-00260,2023-10-12,Chandigarh,Chandigarh,Cyberbullying / Online Harassment,low,30.72546,76.73946,Victim reported sustained online harassment or defamatory content posted about them.
I4C-00261,2024-10-14,Ahmedabad,Gujarat,Online Financial Fraud (UPI/Card/Net-banking),medium,23.02871,72.5472,Unauthorized transaction reported after victim shared card/UPI details or clicked a payment link received via SMS/WhatsApp.
I4C-00262,2025-12-05,Bengaluru Urban,Karnataka,Social Media Account Takeover,medium,12.97823,77.60243,Victim's social media account was compromised and used to solicit money from their contacts.
I4C-00263,2025-07-03,Bengaluru Urban,Karnataka,KYC Update Fraud,high,12.93348,77.62563,Victim received a message claiming their bank/SIM KYC had expired and shared OTP/credentials on a fraudulent link or call.
I4C-00264,2023-11-15,Bengaluru Urban,Karnataka,Cryptocurrency Fraud,medium,12.9896,77.60399,Victim invested through a fraudulent cryptocurrency platform or wallet and was unable to withdraw funds.
I4C-00265,2023-11-07,New Delhi,Delhi,SIM Swap Fraud,low,28.60514,77.1692,"Victim's SIM was fraudulently ported/duplicated, resulting in loss of mobile network access and unauthorized OTP-based transactions."
I4C-00266,2023-06-30,Varanasi,Uttar Pradesh,Courier / Parcel Scam,critical,25.3103,82.92483,"Fraudulent call claimed a parcel addressed to the victim was intercepted at customs containing prohibited items, demanding a clearance fee."
I4C-00267,2025-07-12,Hyderabad,Telangana,Online Financial Fraud (UPI/Card/Net-banking),medium,17.34713,78.48393,Unauthorized transaction reported after victim shared card/UPI details or clicked a payment link received via SMS/WhatsApp.
I4C-00268,2023-10-24,Howrah,West Bengal,Romance / Matrimonial Scam,high,22.56454,88.21861,"Victim developed an online relationship with a profile that later requested money for a claimed emergency, travel, or customs issue."
I4C-00269,2024-06-04,Kolkata,West Bengal,Courier / Parcel Scam,medium,22.53103,88.37676,"Fraudulent call claimed a parcel addressed to the victim was intercepted at customs containing prohibited items, demanding a clearance fee."
I4C-00270,2023-06-13,Thiruvananthapuram,Kerala,Digital Arrest / Impersonation of Law Enforcement,high,8.47937,76.8898,"Victim received a video call from a caller impersonating a police/customs officer alleging a parcel or legal case in their name, and was pressured into transferring funds under threat of arrest."
I4C-00271,2023-05-03,Pune,Maharashtra,Online Shopping / E-commerce Fraud,high,18.50165,73.86671,"Victim did not receive goods ordered from a fraudulent e-commerce listing, or a fake refund process was used to extract further payment."
I4C-00272,2023-08-28,Mumbai,Maharashtra,Job Fraud / Work-From-Home Scam,low,19.12088,72.90048,Victim responded to a work-from-home task-based job offer and was asked to pay a registration or task-completion fee.
I4C-00273,2025-07-16,Mumbai,Maharashtra,Investment / Trading Scam,medium,19.09049,72.89067,Victim was added to a trading/investment group promising high guaranteed returns and lost funds after transferring an initial deposit.
I4C-00274,2024-11-11,Visakhapatnam,Andhra Pradesh,Online Financial Fraud (UPI/Card/Net-banking),low,17.71526,83.22518,Unauthorized transaction reported after victim shared card/UPI details or clicked a payment link received via SMS/WhatsApp.
I4C-00275,2025-05-27,Chandigarh,Chandigarh,Online Financial Fraud (UPI/Card/Net-banking),high,30.75587,76.73095,Unauthorized transaction reported after victim shared card/UPI details or clicked a payment link received via SMS/WhatsApp.
I4C-00276,2024-04-24,Ranchi,Jharkhand,Investment / Trading Scam,high,23.31871,85.29834,Victim was added to a trading/investment group promising high guaranteed returns and lost funds after transferring an initial deposit.
I4C-00277,2023-03-28,Surat,Gujarat,Online Financial Fraud (UPI/Card/Net-banking),medium,21.14853,72.78127,Unauthorized transaction reported after victim shared card/UPI details or clicked a payment link received via SMS/WhatsApp.
I4C-00278,2025-10-20,Rangareddy,Telangana,Cryptocurrency Fraud,low,17.28447,78.45906,Victim invested through a fraudulent cryptocurrency platform or wallet and was unable to withdraw funds.
I4C-00279,2024-04-24,Mumbai,Maharashtra,Sextortion,low,19.03451,72.88307,Victim was coerced into payment after fraudster obtained or fabricated compromising content and threatened to circulate it.
I4C-00280,2023-01-20,Mumbai,Maharashtra,Courier / Parcel Scam,critical,19.03176,72.86725,"Fraudulent call claimed a parcel addressed to the victim was intercepted at customs containing prohibited items, demanding a clearance fee."
I4C-00281,2024-04-21,Ahmedabad,Gujarat,Sextortion,high,23.01847,72.53017,Victim was coerced into payment after fraudster obtained or fabricated compromising content and threatened to circulate it.
I4C-00282,2025-11-02,Pune,Maharashtra,Lottery / Prize Scam,medium,18.5225,73.83265,Victim received notification of winning a lottery/prize and was asked to pay a processing or tax fee to release it.
I4C-00283,2025-01-13,Ghaziabad,Uttar Pradesh,Online Financial Fraud (UPI/Card/Net-banking),high,28.63812,77.42303,Unauthorized transaction reported after victim shared card/UPI details or clicked a payment link received via SMS/WhatsApp.
I4C-00284,2025-10-07,Ghaziabad,Uttar Pradesh,Lottery / Prize Scam,low,28.65509,77.48176,Victim received notification of winning a lottery/prize and was asked to pay a processing or tax fee to release it.
I4C-00285,2023-03-04,Mumbai,Maharashtra,Romance / Matrimonial Scam,low,19.03661,72.89097,"Victim developed an online relationship with a profile that later requested money for a claimed emergency, travel, or customs issue."
I4C-00286,2025-09-22,Mumbai,Maharashtra,Digital Arrest / Impersonation of Law Enforcement,critical,19.07795,72.82976,"Victim received a video call from a caller impersonating a police/customs officer alleging a parcel or legal case in their name, and was pressured into transferring funds under threat of arrest."
I4C-00287,2025-07-04,Ghaziabad,Uttar Pradesh,Online Financial Fraud (UPI/Card/Net-banking),low,28.64056,77.49635,Unauthorized transaction reported after victim shared card/UPI details or clicked a payment link received via SMS/WhatsApp.
I4C-00288,2024-02-16,Ahmedabad,Gujarat,Online Financial Fraud (UPI/Card/Net-banking),low,23.05438,72.61775,Unauthorized transaction reported after victim shared card/UPI details or clicked a payment link received via SMS/WhatsApp.
I4C-00289,2025-07-27,Dehradun,Uttarakhand,Digital Arrest / Impersonation of Law Enforcement,medium,30.30432,77.98495,"Victim received a video call from a caller impersonating a police/customs officer alleging a parcel or legal case in their name, and was pressured into transferring funds under threat of arrest."
I4C-00290,2023-09-03,New Delhi,Delhi,Phishing (Email/SMS/Voice),medium,28.64846,77.24848,Victim received a deceptive email/SMS impersonating a bank or government body and submitted credentials on a fake site.
I4C-00291,2025-11-03,Kolkata,West Bengal,Online Financial Fraud (UPI/Card/Net-banking),low,22.5316,88.34577,Unauthorized transaction reported after victim shared card/UPI details or clicked a payment link received via SMS/WhatsApp.
I4C-00292,2024-03-30,Pune,Maharashtra,Online Shopping / E-commerce Fraud,critical,18.51523,73.82267,"Victim did not receive goods ordered from a fraudulent e-commerce listing, or a fake refund process was used to extract further payment."
I4C-00293,2023-02-26,Dakshina Kannada (Mangaluru),Karnataka,Digital Arrest / Impersonation of Law Enforcement,medium,12.95827,74.90012,"Victim received a video call from a caller impersonating a police/customs officer alleging a parcel or legal case in their name, and was pressured into transferring funds under threat of arrest."
I4C-00294,2025-09-17,Patna,Bihar,Courier / Parcel Scam,medium,25.5488,85.16624,"Fraudulent call claimed a parcel addressed to the victim was intercepted at customs containing prohibited items, demanding a clearance fee."
I4C-00295,2024-09-03,Bengaluru Urban,Karnataka,Counterfeit Currency Passing,medium,12.93608,77.6201,Counterfeit currency notes were identified during a retail or informal transaction.
I4C-00296,2025-03-09,Ghaziabad,Uttar Pradesh,Job Fraud / Work-From-Home Scam,medium,28.66333,77.46905,Victim responded to a work-from-home task-based job offer and was asked to pay a registration or task-completion fee.
I4C-00297,2023-01-26,Bengaluru Urban,Karnataka,Online Financial Fraud (UPI/Card/Net-banking),low,12.96973,77.56146,Unauthorized transaction reported after victim shared card/UPI details or clicked a payment link received via SMS/WhatsApp.
I4C-00298,2023-06-09,New Delhi,Delhi,Online Financial Fraud (UPI/Card/Net-banking),high,28.65516,77.23888,Unauthorized transaction reported after victim shared card/UPI details or clicked a payment link received via SMS/WhatsApp.
I4C-00299,2023-07-18,Ernakulam (Kochi),Kerala,Online Financial Fraud (UPI/Card/Net-banking),medium,9.96788,76.30617,Unauthorized transaction reported after victim shared card/UPI details or clicked a payment link received via SMS/WhatsApp.
I4C-00300,2024-10-22,Ernakulam (Kochi),Kerala,Digital Arrest / Impersonation of Law Enforcement,critical,9.91971,76.21947,"Victim received a video call from a caller impersonating a police/customs officer alleging a parcel or legal case in their name, and was pressured into transferring funds under threat of arrest."
I4C-00301,2023-04-27,Patna,Bihar,Online Financial Fraud (UPI/Card/Net-banking),low,25.59185,85.15042,Unauthorized transaction reported after victim shared card/UPI details or clicked a payment link received via SMS/WhatsApp.
I4C-00302,2025-04-23,Dakshina Kannada (Mangaluru),Karnataka,Investment / Trading Scam,high,12.90924,74.89493,Victim was added to a trading/investment group promising high guaranteed returns and lost funds after transferring an initial deposit.
I4C-00303,2024-06-17,Hyderabad,Telangana,Online Financial Fraud (UPI/Card/Net-banking),high,17.33754,78.4938,Unauthorized transaction reported after victim shared card/UPI details or clicked a payment link received via SMS/WhatsApp.
I4C-00304,2023-04-27,New Delhi,Delhi,Digital Arrest / Impersonation of Law Enforcement,critical,28.59571,77.24932,"Victim received a video call from a caller impersonating a police/customs officer alleging a parcel or legal case in their name, and was pressured into transferring funds under threat of arrest."
I4C-00305,2023-09-02,Meerut,Uttar Pradesh,Loan App Harassment,high,29.01326,77.74892,Victim took a small loan via an unregistered instant-loan app and was later harassed with morphed images sent to their contacts.
I4C-00306,2024-05-02,Hyderabad,Telangana,Cryptocurrency Fraud,critical,17.35516,78.47313,Victim invested through a fraudulent cryptocurrency platform or wallet and was unable to withdraw funds.
I4C-00307,2024-08-24,Bengaluru Urban,Karnataka,Digital Arrest / Impersonation of Law Enforcement,high,12.95054,77.63422,"Victim received a video call from a caller impersonating a police/customs officer alleging a parcel or legal case in their name, and was pressured into transferring funds under threat of arrest."
I4C-00308,2025-06-26,Belagavi,Karnataka,Job Fraud / Work-From-Home Scam,medium,15.86368,74.49191,Victim responded to a work-from-home task-based job offer and was asked to pay a registration or task-completion fee.
I4C-00309,2025-04-17,Bengaluru Urban,Karnataka,Online Financial Fraud (UPI/Card/Net-banking),medium,13.00482,77.59726,Unauthorized transaction reported after victim shared card/UPI details or clicked a payment link received via SMS/WhatsApp.
I4C-00310,2023-12-26,Hyderabad,Telangana,Online Financial Fraud (UPI/Card/Net-banking),high,17.39213,78.45051,Unauthorized transaction reported after victim shared card/UPI details or clicked a payment link received via SMS/WhatsApp.
I4C-00311,2024-07-14,Hyderabad,Telangana,KYC Update Fraud,medium,17.34293,78.44544,Victim received a message claiming their bank/SIM KYC had expired and shared OTP/credentials on a fraudulent link or call.
I4C-00312,2024-09-22,Dakshina Kannada (Mangaluru),Karnataka,KYC Update Fraud,low,12.8778,74.87299,Victim received a message claiming their bank/SIM KYC had expired and shared OTP/credentials on a fraudulent link or call.
I4C-00313,2023-04-24,Hyderabad,Telangana,Investment / Trading Scam,high,17.34157,78.50997,Victim was added to a trading/investment group promising high guaranteed returns and lost funds after transferring an initial deposit.
I4C-00314,2023-07-04,Lucknow,Uttar Pradesh,SIM Swap Fraud,critical,26.83146,80.92438,"Victim's SIM was fraudulently ported/duplicated, resulting in loss of mobile network access and unauthorized OTP-based transactions."
I4C-00315,2024-01-17,Bengaluru Urban,Karnataka,Phishing (Email/SMS/Voice),low,13.01262,77.59226,Victim received a deceptive email/SMS impersonating a bank or government body and submitted credentials on a fake site.
I4C-00316,2023-01-10,Noida (Gautam Buddh Nagar),Uttar Pradesh,Courier / Parcel Scam,medium,28.58407,77.34467,"Fraudulent call claimed a parcel addressed to the victim was intercepted at customs containing prohibited items, demanding a clearance fee."
I4C-00317,2024-05-16,Mumbai,Maharashtra,Digital Arrest / Impersonation of Law Enforcement,medium,19.11921,72.92457,"Victim received a video call from a caller impersonating a police/customs officer alleging a parcel or legal case in their name, and was pressured into transferring funds under threat of arrest."
I4C-00318,2023-05-06,Vadodara,Gujarat,Courier / Parcel Scam,medium,22.34375,73.1633,"Fraudulent call claimed a parcel addressed to the victim was intercepted at customs containing prohibited items, demanding a clearance fee."
I4C-00319,2023-02-12,Rangareddy,Telangana,Investment / Trading Scam,medium,17.28117,78.44309,Victim was added to a trading/investment group promising high guaranteed returns and lost funds after transferring an initial deposit.
I4C-00320,2023-03-03,Hyderabad,Telangana,Online Financial Fraud (UPI/Card/Net-banking),medium,17.34386,78.49861,Unauthorized transaction reported after victim shared card/UPI details or clicked a payment link received via SMS/WhatsApp.
I4C-00321,2025-08-08,Bengaluru Urban,Karnataka,Online Financial Fraud (UPI/Card/Net-banking),high,13.01423,77.61847,Unauthorized transaction reported after victim shared card/UPI details or clicked a payment link received via SMS/WhatsApp.
I4C-00322,2023-04-03,Lucknow,Uttar Pradesh,Phishing (Email/SMS/Voice),high,26.86696,80.90649,Victim received a deceptive email/SMS impersonating a bank or government body and submitted credentials on a fake site.
I4C-00323,2023-09-06,Warangal,Telangana,Romance / Matrimonial Scam,low,17.97488,79.60889,"Victim developed an online relationship with a profile that later requested money for a claimed emergency, travel, or customs issue."
I4C-00324,2025-08-04,Pune,Maharashtra,Phishing (Email/SMS/Voice),low,18.4841,73.86588,Victim received a deceptive email/SMS impersonating a bank or government body and submitted credentials on a fake site.
I4C-00325,2025-05-11,Jaipur,Rajasthan,Counterfeit Currency Passing,medium,26.87883,75.8199,Counterfeit currency notes were identified during a retail or informal transaction.
I4C-00326,2025-01-13,Ghaziabad,Uttar Pradesh,Online Shopping / E-commerce Fraud,low,28.67948,77.40742,"Victim did not receive goods ordered from a fraudulent e-commerce listing, or a fake refund process was used to extract further payment."
I4C-00327,2024-10-18,Mumbai,Maharashtra,Investment / Trading Scam,critical,19.05004,72.86121,Victim was added to a trading/investment group promising high guaranteed returns and lost funds after transferring an initial deposit.
I4C-00328,2024-12-24,Vadodara,Gujarat,Loan App Harassment,critical,22.34196,73.13656,Victim took a small loan via an unregistered instant-loan app and was later harassed with morphed images sent to their contacts.
I4C-00329,2023-05-22,Hyderabad,Telangana,Investment / Trading Scam,medium,17.37721,78.49997,Victim was added to a trading/investment group promising high guaranteed returns and lost funds after transferring an initial deposit.
I4C-00330,2025-03-24,Mumbai,Maharashtra,Online Financial Fraud (UPI/Card/Net-banking),medium,19.04608,72.89461,Unauthorized transaction reported after victim shared card/UPI details or clicked a payment link received via SMS/WhatsApp.
I4C-00331,2023-03-24,Ahmedabad,Gujarat,Sextortion,high,23.06619,72.58472,Victim was coerced into payment after fraudster obtained or fabricated compromising content and threatened to circulate it.
I4C-00332,2023-03-15,Bengaluru Urban,Karnataka,Courier / Parcel Scam,low,12.98576,77.57118,"Fraudulent call claimed a parcel addressed to the victim was intercepted at customs containing prohibited items, demanding a clearance fee."
I4C-00333,2024-08-11,Kanpur Nagar,Uttar Pradesh,Investment / Trading Scam,critical,26.42496,80.33393,Victim was added to a trading/investment group promising high guaranteed returns and lost funds after transferring an initial deposit.
I4C-00334,2025-11-18,Bengaluru Urban,Karnataka,Digital Arrest / Impersonation of Law Enforcement,critical,12.95636,77.5613,"Victim received a video call from a caller impersonating a police/customs officer alleging a parcel or legal case in their name, and was pressured into transferring funds under threat of arrest."
I4C-00335,2025-11-13,Faridabad,Haryana,Cyberbullying / Online Harassment,medium,28.36735,77.32682,Victim reported sustained online harassment or defamatory content posted about them.
I4C-00336,2023-06-29,Mysuru,Karnataka,Online Financial Fraud (UPI/Card/Net-banking),low,12.27516,76.63005,Unauthorized transaction reported after victim shared card/UPI details or clicked a payment link received via SMS/WhatsApp.
I4C-00337,2025-03-02,Jaipur,Rajasthan,Courier / Parcel Scam,low,26.89112,75.78271,"Fraudulent call claimed a parcel addressed to the victim was intercepted at customs containing prohibited items, demanding a clearance fee."
I4C-00338,2025-08-18,Hyderabad,Telangana,Loan App Harassment,medium,17.40604,78.48279,Victim took a small loan via an unregistered instant-loan app and was later harassed with morphed images sent to their contacts.
I4C-00339,2025-03-22,Vadodara,Gujarat,Online Financial Fraud (UPI/Card/Net-banking),medium,22.2603,73.16457,Unauthorized transaction reported after victim shared card/UPI details or clicked a payment link received via SMS/WhatsApp.
I4C-00340,2025-10-03,Bengaluru Urban,Karnataka,Online Financial Fraud (UPI/Card/Net-banking),medium,12.95687,77.63079,Unauthorized transaction reported after victim shared card/UPI details or clicked a payment link received via SMS/WhatsApp.
I4C-00341,2024-12-13,Hyderabad,Telangana,Digital Arrest / Impersonation of Law Enforcement,medium,17.42284,78.45831,"Victim received a video call from a caller impersonating a police/customs officer alleging a parcel or legal case in their name, and was pressured into transferring funds under threat of arrest."
I4C-00342,2023-08-12,Thane,Maharashtra,Investment / Trading Scam,high,19.1745,72.96689,Victim was added to a trading/investment group promising high guaranteed returns and lost funds after transferring an initial deposit.
I4C-00343,2024-12-22,Lucknow,Uttar Pradesh,Counterfeit Currency Passing,medium,26.89563,80.96397,Counterfeit currency notes were identified during a retail or informal transaction.
I4C-00344,2023-07-14,Mysuru,Karnataka,Online Financial Fraud (UPI/Card/Net-banking),high,12.26605,76.65048,Unauthorized transaction reported after victim shared card/UPI details or clicked a payment link received via SMS/WhatsApp.
I4C-00345,2023-09-18,Jaipur,Rajasthan,Job Fraud / Work-From-Home Scam,high,26.93673,75.81327,Victim responded to a work-from-home task-based job offer and was asked to pay a registration or task-completion fee.
I4C-00346,2025-03-25,Pune,Maharashtra,Loan App Harassment,low,18.48074,73.84774,Victim took a small loan via an unregistered instant-loan app and was later harassed with morphed images sent to their contacts.
I4C-00347,2023-08-16,Bhubaneswar,Odisha,Romance / Matrimonial Scam,high,20.3033,85.81629,"Victim developed an online relationship with a profile that later requested money for a claimed emergency, travel, or customs issue."
I4C-00348,2025-03-11,Pune,Maharashtra,Courier / Parcel Scam,low,18.51563,73.85249,"Fraudulent call claimed a parcel addressed to the victim was intercepted at customs containing prohibited items, demanding a clearance fee."
I4C-00349,2025-10-20,Lucknow,Uttar Pradesh,Digital Arrest / Impersonation of Law Enforcement,high,26.85624,80.96102,"Victim received a video call from a caller impersonating a police/customs officer alleging a parcel or legal case in their name, and was pressured into transferring funds under threat of arrest."
I4C-00350,2025-02-11,Pune,Maharashtra,Sextortion,medium,18.5004,73.86039,Victim was coerced into payment after fraudster obtained or fabricated compromising content and threatened to circulate it.
I4C-00351,2024-05-11,Ghaziabad,Uttar Pradesh,Investment / Trading Scam,high,28.62799,77.49582,Victim was added to a trading/investment group promising high guaranteed returns and lost funds after transferring an initial deposit.
I4C-00352,2023-04-08,Bhubaneswar,Odisha,Social Media Account Takeover,low,20.26653,85.81714,Victim's social media account was compromised and used to solicit money from their contacts.
I4C-00353,2025-06-14,Hyderabad,Telangana,Loan App Harassment,medium,17.42459,78.46668,Victim took a small loan via an unregistered instant-loan app and was later harassed with morphed images sent to their contacts.
I4C-00354,2024-12-20,Lucknow,Uttar Pradesh,Investment / Trading Scam,medium,26.84843,80.96472,Victim was added to a trading/investment group promising high guaranteed returns and lost funds after transferring an initial deposit.
I4C-00355,2025-10-22,New Delhi,Delhi,Online Financial Fraud (UPI/Card/Net-banking),medium,28.56494,77.16583,Unauthorized transaction reported after victim shared card/UPI details or clicked a payment link received via SMS/WhatsApp.
I4C-00356,2025-09-23,Pune,Maharashtra,Phishing (Email/SMS/Voice),critical,18.52653,73.86411,Victim received a deceptive email/SMS impersonating a bank or government body and submitted credentials on a fake site.
I4C-00357,2023-07-08,Pune,Maharashtra,KYC Update Fraud,medium,18.54713,73.89662,Victim received a message claiming their bank/SIM KYC had expired and shared OTP/credentials on a fraudulent link or call.
I4C-00358,2023-08-15,Dakshina Kannada (Mangaluru),Karnataka,Sextortion,medium,12.89591,74.90384,Victim was coerced into payment after fraudster obtained or fabricated compromising content and threatened to circulate it.
I4C-00359,2025-05-11,Chennai,Tamil Nadu,Counterfeit Currency Passing,medium,13.06219,80.25504,Counterfeit currency notes were identified during a retail or informal transaction.
I4C-00360,2025-04-24,Meerut,Uttar Pradesh,Online Financial Fraud (UPI/Card/Net-banking),high,28.98691,77.73802,Unauthorized transaction reported after victim shared card/UPI details or clicked a payment link received via SMS/WhatsApp.
I4C-00361,2023-03-28,Dakshina Kannada (Mangaluru),Karnataka,Investment / Trading Scam,critical,12.92711,74.86631,Victim was added to a trading/investment group promising high guaranteed returns and lost funds after transferring an initial deposit.
I4C-00362,2024-09-15,Coimbatore,Tamil Nadu,Courier / Parcel Scam,medium,10.96787,76.90608,"Fraudulent call claimed a parcel addressed to the victim was intercepted at customs containing prohibited items, demanding a clearance fee."
I4C-00363,2025-12-24,Pune,Maharashtra,Digital Arrest / Impersonation of Law Enforcement,high,18.48025,73.80824,"Victim received a video call from a caller impersonating a police/customs officer alleging a parcel or legal case in their name, and was pressured into transferring funds under threat of arrest."
I4C-00364,2025-11-27,Lucknow,Uttar Pradesh,KYC Update Fraud,low,26.81107,80.91605,Victim received a message claiming their bank/SIM KYC had expired and shared OTP/credentials on a fraudulent link or call.
I4C-00365,2025-08-15,Jodhpur,Rajasthan,Online Financial Fraud (UPI/Card/Net-banking),medium,26.19956,72.98431,Unauthorized transaction reported after victim shared card/UPI details or clicked a payment link received via SMS/WhatsApp.
I4C-00366,2024-10-23,Kanpur Nagar,Uttar Pradesh,Digital Arrest / Impersonation of Law Enforcement,high,26.48056,80.28811,"Victim received a video call from a caller impersonating a police/customs officer alleging a parcel or legal case in their name, and was pressured into transferring funds under threat of arrest."
I4C-00367,2023-05-10,Mysuru,Karnataka,Digital Arrest / Impersonation of Law Enforcement,medium,12.26963,76.61694,"Victim received a video call from a caller impersonating a police/customs officer alleging a parcel or legal case in their name, and was pressured into transferring funds under threat of arrest."
I4C-00368,2023-03-31,Mumbai,Maharashtra,Digital Arrest / Impersonation of Law Enforcement,high,19.07098,72.86627,"Victim received a video call from a caller impersonating a police/customs officer alleging a parcel or legal case in their name, and was pressured into transferring funds under threat of arrest."
I4C-00369,2023-12-22,Thane,Maharashtra,Digital Arrest / Impersonation of Law Enforcement,critical,19.23032,72.95303,"Victim received a video call from a caller impersonating a police/customs officer alleging a parcel or legal case in their name, and was pressured into transferring funds under threat of arrest."
I4C-00370,2025-10-11,Mumbai,Maharashtra,Online Financial Fraud (UPI/Card/Net-banking),medium,19.11589,72.90929,Unauthorized transaction reported after victim shared card/UPI details or clicked a payment link received via SMS/WhatsApp.
I4C-00371,2025-04-26,Ranchi,Jharkhand,Courier / Parcel Scam,medium,23.30085,85.32733,"Fraudulent call claimed a parcel addressed to the victim was intercepted at customs containing prohibited items, demanding a clearance fee."
I4C-00372,2023-12-22,Mumbai,Maharashtra,Sextortion,low,19.11353,72.87614,Victim was coerced into payment after fraudster obtained or fabricated compromising content and threatened to circulate it.
I4C-00373,2025-01-13,Dakshina Kannada (Mangaluru),Karnataka,Phishing (Email/SMS/Voice),medium,12.902,74.80676,Victim received a deceptive email/SMS impersonating a bank or government body and submitted credentials on a fake site.
I4C-00374,2025-05-14,Bengaluru Urban,Karnataka,Investment / Trading Scam,medium,12.97498,77.58316,Victim was added to a trading/investment group promising high guaranteed returns and lost funds after transferring an initial deposit.
I4C-00375,2024-04-30,Patna,Bihar,Online Financial Fraud (UPI/Card/Net-banking),low,25.57922,85.11209,Unauthorized transaction reported after victim shared card/UPI details or clicked a payment link received via SMS/WhatsApp.
I4C-00376,2023-09-23,Thane,Maharashtra,Sextortion,low,19.19621,72.93063,Victim was coerced into payment after fraudster obtained or fabricated compromising content and threatened to circulate it.
I4C-00377,2024-05-06,Bengaluru Urban,Karnataka,Digital Arrest / Impersonation of Law Enforcement,medium,12.94857,77.6281,"Victim received a video call from a caller impersonating a police/customs officer alleging a parcel or legal case in their name, and was pressured into transferring funds under threat of arrest."
I4C-00378,2024-03-02,Belagavi,Karnataka,Investment / Trading Scam,critical,15.83499,74.51995,Victim was added to a trading/investment group promising high guaranteed returns and lost funds after transferring an initial deposit.
I4C-00379,2024-06-18,Rangareddy,Telangana,Phishing (Email/SMS/Voice),medium,17.318,78.39044,Victim received a deceptive email/SMS impersonating a bank or government body and submitted credentials on a fake site.
I4C-00380,2025-11-10,Ghaziabad,Uttar Pradesh,Loan App Harassment,medium,28.66323,77.5028,Victim took a small loan via an unregistered instant-loan app and was later harassed with morphed images sent to their contacts.
I4C-00381,2024-07-07,Hyderabad,Telangana,Job Fraud / Work-From-Home Scam,medium,17.42224,78.44898,Victim responded to a work-from-home task-based job offer and was asked to pay a registration or task-completion fee.
I4C-00382,2023-01-31,Howrah,West Bengal,Courier / Parcel Scam,low,22.62228,88.21647,"Fraudulent call claimed a parcel addressed to the victim was intercepted at customs containing prohibited items, demanding a clearance fee."
I4C-00383,2023-08-12,Pune,Maharashtra,Lottery / Prize Scam,medium,18.479,73.8244,Victim received notification of winning a lottery/prize and was asked to pay a processing or tax fee to release it.
I4C-00384,2024-09-29,Bengaluru Urban,Karnataka,Romance / Matrimonial Scam,low,13.01299,77.62512,"Victim developed an online relationship with a profile that later requested money for a claimed emergency, travel, or customs issue."
I4C-00385,2025-08-09,Bengaluru Urban,Karnataka,Investment / Trading Scam,medium,12.95046,77.62628,Victim was added to a trading/investment group promising high guaranteed returns and lost funds after transferring an initial deposit.
I4C-00386,2025-01-20,Ahmedabad,Gujarat,Digital Arrest / Impersonation of Law Enforcement,medium,23.06078,72.60753,"Victim received a video call from a caller impersonating a police/customs officer alleging a parcel or legal case in their name, and was pressured into transferring funds under threat of arrest."
I4C-00387,2025-08-05,Chennai,Tamil Nadu,Investment / Trading Scam,medium,13.09906,80.25584,Victim was added to a trading/investment group promising high guaranteed returns and lost funds after transferring an initial deposit.
I4C-00388,2023-08-24,Hyderabad,Telangana,KYC Update Fraud,low,17.41967,78.47191,Victim received a message claiming their bank/SIM KYC had expired and shared OTP/credentials on a fraudulent link or call.
I4C-00389,2023-11-28,Warangal,Telangana,Courier / Parcel Scam,medium,17.98929,79.57222,"Fraudulent call claimed a parcel addressed to the victim was intercepted at customs containing prohibited items, demanding a clearance fee."
I4C-00390,2024-01-03,Nagpur,Maharashtra,Courier / Parcel Scam,medium,21.1715,79.05382,"Fraudulent call claimed a parcel addressed to the victim was intercepted at customs containing prohibited items, demanding a clearance fee."
I4C-00391,2024-12-15,Noida (Gautam Buddh Nagar),Uttar Pradesh,Loan App Harassment,critical,28.50827,77.39079,Victim took a small loan via an unregistered instant-loan app and was later harassed with morphed images sent to their contacts.
I4C-00392,2023-04-07,Ernakulam (Kochi),Kerala,SIM Swap Fraud,high,9.89239,76.29367,"Victim's SIM was fraudulently ported/duplicated, resulting in loss of mobile network access and unauthorized OTP-based transactions."
I4C-00393,2024-12-08,Ranchi,Jharkhand,Online Financial Fraud (UPI/Card/Net-banking),high,23.36221,85.26331,Unauthorized transaction reported after victim shared card/UPI details or clicked a payment link received via SMS/WhatsApp.
I4C-00394,2024-03-28,Jaipur,Rajasthan,Investment / Trading Scam,high,26.87101,75.80677,Victim was added to a trading/investment group promising high guaranteed returns and lost funds after transferring an initial deposit.
I4C-00395,2025-10-27,Warangal,Telangana,Investment / Trading Scam,critical,17.93739,79.64494,Victim was added to a trading/investment group promising high guaranteed returns and lost funds after transferring an initial deposit.
I4C-00396,2024-02-26,Howrah,West Bengal,Job Fraud / Work-From-Home Scam,low,22.6288,88.27641,Victim responded to a work-from-home task-based job offer and was asked to pay a registration or task-completion fee.
I4C-00397,2023-03-31,Nagpur,Maharashtra,Digital Arrest / Impersonation of Law Enforcement,high,21.14699,79.13101,"Victim received a video call from a caller impersonating a police/customs officer alleging a parcel or legal case in their name, and was pressured into transferring funds under threat of arrest."
I4C-00398,2024-04-28,Vijayawada,Andhra Pradesh,Online Financial Fraud (UPI/Card/Net-banking),low,16.53872,80.65391,Unauthorized transaction reported after victim shared card/UPI details or clicked a payment link received via SMS/WhatsApp.
I4C-00399,2024-02-17,Noida (Gautam Buddh Nagar),Uttar Pradesh,Investment / Trading Scam,medium,28.51047,77.34694,Victim was added to a trading/investment group promising high guaranteed returns and lost funds after transferring an initial deposit.
I4C-00400,2024-05-10,Meerut,Uttar Pradesh,Job Fraud / Work-From-Home Scam,medium,28.94822,77.72502,Victim responded to a work-from-home task-based job offer and was asked to pay a registration or task-completion fee.
I4C-00401,2023-10-01,Bengaluru Urban,Karnataka,SIM Swap Fraud,medium,12.99075,77.55791,"Victim's SIM was fraudulently ported/duplicated, resulting in loss of mobile network access and unauthorized OTP-based transactions."
I4C-00402,2025-05-19,Gurugram,Haryana,Investment / Trading Scam,high,28.42369,77.03293,Victim was added to a trading/investment group promising high guaranteed returns and lost funds after transferring an initial deposit.
I4C-00403,2025-04-11,Jodhpur,Rajasthan,KYC Update Fraud,medium,26.20582,73.04095,Victim received a message claiming their bank/SIM KYC had expired and shared OTP/credentials on a fraudulent link or call.
I4C-00404,2024-07-29,Patna,Bihar,Investment / Trading Scam,medium,25.55555,85.11653,Victim was added to a trading/investment group promising high guaranteed returns and lost funds after transferring an initial deposit.
I4C-00405,2025-06-30,Rangareddy,Telangana,Online Shopping / E-commerce Fraud,low,17.28146,78.40089,"Victim did not receive goods ordered from a fraudulent e-commerce listing, or a fake refund process was used to extract further payment."
I4C-00406,2023-06-21,New Delhi,Delhi,Digital Arrest / Impersonation of Law Enforcement,high,28.6002,77.17581,"Victim received a video call from a caller impersonating a police/customs officer alleging a parcel or legal case in their name, and was pressured into transferring funds under threat of arrest."
I4C-00407,2025-06-08,Jaipur,Rajasthan,Online Financial Fraud (UPI/Card/Net-banking),medium,26.89557,75.8112,Unauthorized transaction reported after victim shared card/UPI details or clicked a payment link received via SMS/WhatsApp.
I4C-00408,2024-05-29,New Delhi,Delhi,Investment / Trading Scam,high,28.64229,77.19118,Victim was added to a trading/investment group promising high guaranteed returns and lost funds after transferring an initial deposit.
I4C-00409,2023-10-25,Chennai,Tamil Nadu,Digital Arrest / Impersonation of Law Enforcement,medium,13.04051,80.29544,"Victim received a video call from a caller impersonating a police/customs officer alleging a parcel or legal case in their name, and was pressured into transferring funds under threat of arrest."
I4C-00410,2023-12-12,Rangareddy,Telangana,Lottery / Prize Scam,critical,17.28897,78.43381,Victim received notification of winning a lottery/prize and was asked to pay a processing or tax fee to release it.
I4C-00411,2024-12-30,Bengaluru Urban,Karnataka,KYC Update Fraud,medium,12.99349,77.57563,Victim received a message claiming their bank/SIM KYC had expired and shared OTP/credentials on a fraudulent link or call.
I4C-00412,2024-05-05,Mumbai,Maharashtra,Investment / Trading Scam,high,19.06285,72.88281,Victim was added to a trading/investment group promising high guaranteed returns and lost funds after transferring an initial deposit.
I4C-00413,2025-04-05,Bengaluru Urban,Karnataka,Social Media Account Takeover,critical,12.93232,77.62488,Victim's social media account was compromised and used to solicit money from their contacts.
I4C-00414,2024-09-05,Faridabad,Haryana,Job Fraud / Work-From-Home Scam,low,28.45339,77.31724,Victim responded to a work-from-home task-based job offer and was asked to pay a registration or task-completion fee.
I4C-00415,2025-04-02,Ghaziabad,Uttar Pradesh,Online Financial Fraud (UPI/Card/Net-banking),low,28.68185,77.41799,Unauthorized transaction reported after victim shared card/UPI details or clicked a payment link received via SMS/WhatsApp.
I4C-00416,2023-01-06,Bengaluru Urban,Karnataka,Online Financial Fraud (UPI/Card/Net-banking),high,12.92559,77.58855,Unauthorized transaction reported after victim shared card/UPI details or clicked a payment link received via SMS/WhatsApp.
I4C-00417,2023-05-28,Bengaluru Urban,Karnataka,Job Fraud / Work-From-Home Scam,low,12.98267,77.62795,Victim responded to a work-from-home task-based job offer and was asked to pay a registration or task-completion fee.
I4C-00418,2023-12-28,Chennai,Tamil Nadu,Investment / Trading Scam,medium,13.08416,80.26282,Victim was added to a trading/investment group promising high guaranteed returns and lost funds after transferring an initial deposit.
I4C-00419,2024-12-13,Faridabad,Haryana,Investment / Trading Scam,medium,28.37535,77.29737,Victim was added to a trading/investment group promising high guaranteed returns and lost funds after transferring an initial deposit.
I4C-00420,2025-12-31,Noida (Gautam Buddh Nagar),Uttar Pradesh,Loan App Harassment,medium,28.53238,77.39527,Victim took a small loan via an unregistered instant-loan app and was later harassed with morphed images sent to their contacts.
